NO;NO2;NOX
0.2;5.8;6
1.4;7.2;8.6
1.7;9.5;11.3
6.6;19.4;26
76.7;29.9;106.7
150.4;38.4;188.8
170.7;44.9;215.6
126;46.9;172.9
60;34.1;94.1
9.5;11.2;20.7
7.7;7.9;15.6
9.1;8.5;17.5
6.8;7.5;14.2
7.1;7.4;14.5
6.5;9.1;15.5
NA;NA;NA
8.5;10.3;18.8
NA;NA;NA
NA;NA;NA
19.7;27.6;47.3
22;28.4;50.4
24.3;26.5;50.8
34.8;26.8;61.6
26.1;25;51.1
36;22.3;58.3
25.2;21.3;46.5
29;20;48.9
35.7;19.5;55.2
88.7;26.9;115.6
144.7;30.1;174.9
225.2;44.9;270
210.1;58.6;268.8
121.5;69.8;191.3
19.2;23.7;42.9
7.1;10.1;17.3
10.4;19.9;30.4
7.9;24.8;32.8
5.9;15;20.9
8.9;10;19
7.6;10;17.6
4.6;17.1;21.7
5.2;24.2;29.3
6.3;35.8;42.1
7.6;38.1;45.7
5.7;32.5;38.2
20.3;33;53.3
32.1;33.2;65.3
21.3;29.4;50.7
26.6;26.3;52.9
28;24.8;52.8
18.8;25.6;44.4
39.2;25.6;64.8
65.2;28.6;93.8
152.3;37.4;189.7
224.3;50.1;274.5
199.3;67;266.3
172.8;94.5;267.3
84.7;80.1;164.8
42.5;70.3;112.8
25.4;61.2;86.6
10.7;30;40.7
5.8;11.2;17
6;10;16
6.8;10.8;17.6
10.4;17.4;27.9
3.4;24.6;28.1
6.4;34.6;41
19.2;41.2;60.4
13.1;30.2;43.3
4.4;21.5;25.9
9.8;27.6;37.3
21;33.4;54.4
15.3;30.8;46.2
5.6;26.8;32.4
18.5;28;46.6
41.8;31.4;73.1
86.8;35.2;122.1
172;47.1;219.1
293.4;64.5;358
247;71.9;318.9
164.4;77.4;241.8
88.2;65.4;153.6
17.4;17.1;34.5
7.1;8.2;15.3
5.8;7.4;13.1
3.6;5.8;9.4
4.7;6.8;11.5
5.2;8.4;13.6
7.1;10.7;17.8
10.6;16.6;27.2
6.9;26.3;33.2
2.6;25.8;28.4
6.1;31.6;37.7
19.5;31.4;50.9
22.5;33;55.5
16.6;29.4;46
6.7;24.7;31.4
8.9;26;35
7.2;26;33.1
29.5;28.3;57.8
62.7;35.4;98.1
160.7;43.3;204
267.2;60.2;327.4
202.4;66.7;269
128.8;74.8;203.6
59.7;62.1;121.8
10.4;27;37.4
12;36.4;48.4
5.1;31.2;36.4
3.3;19.7;23.1
3.7;15.5;19.2
3.7;14.2;17.9
2.2;13.2;15.4
3;20.6;23.6
5.6;29.1;34.7
3.3;28.6;31.9
5.6;39;44.6
6.2;36.6;42.8
27.9;38.2;66.1
39.2;37.1;76.3
31.5;41.8;73.3
30.6;36.4;67.1
1.9;24.4;26.3
0;20;19.8
3.4;25.2;28.7
20.4;36;56.5
47.4;38.7;86.1
69.1;41.7;110.8
43.4;50;93.4
18.1;38.9;57
4.1;15.3;19.4
1.3;8.9;10.3
2.8;11.1;13.8
2.4;9.1;11.6
2.1;8.4;10.5
3.7;9.3;12.9
4.8;15.7;20.5
5;27.4;32.4
10.7;34.2;44.8
40.2;43.9;84.1
30.7;41.7;72.4
43.1;41;84
71.5;33;104.5
82;35.8;117.8
89.4;43;132.4
84.5;36;120.5
62.7;30.8;93.5
56.1;29.9;86
58.6;27.7;86.2
75;26.5;101.5
119.3;28.5;147.7
113.9;31.5;145.4
70.8;38.7;109.5
30.6;35.8;66.4
11.8;24.4;36.1
4.9;14.3;19.2
1.3;10.6;11.9
1.3;10.8;12.1
1;9;10
0.9;8.6;9.5
0.5;8.8;9.3
2.4;14.1;16.5
4.1;21.9;26
3.1;27.9;31
11.2;38.4;49.6
3.4;21.5;24.9
3.3;21.3;24.5
12;23.9;35.9
9.5;30.3;39.8
15;28.3;43.3
9.1;25.6;34.7
1.1;13.5;14.6
53.2;25.8;78.9
111.5;36.5;148
39.8;31.9;71.7
28.1;25.6;53.7
26.1;29.4;55.5
19.7;21;40.7
11.7;12;23.7
8.4;10.3;18.7
8.2;10.6;18.8
7.1;9.4;16.6
8;10.1;18.1
8.1;10.2;18.4
7.9;10.3;18.1
5.9;12.7;18.7
6.7;17.6;24.3
12;26.1;38.1
13.7;29.5;43.2
7.3;24.9;32.1
7.2;23;30.2
3.6;19.6;23.2
1.4;15.8;17.3
0.8;14.5;15.3
10.1;16.2;26.3
34.7;31.4;66.1
93.4;33.5;126.9
63.8;38.2;102
145.4;45.1;190.5
62.2;38.9;101.2
13.7;19;32.7
14.1;23.1;37.2
7.9;10.4;18.2
6.6;8.6;15.3
6.7;9.9;16.6
6.2;11.8;17.9
NA;NA;NA
7.6;10.6;18.2
10;13;23
10.9;19.6;30.4
3;22.6;25.6
6.6;27.4;34.1
9.7;31.7;41.4
11.6;35;46.5
11.4;31;42.4
20.3;33.5;53.8
25.3;32.4;57.7
29.5;30.7;60.3
33.1;31.1;64.2
25;28.5;53.5
48.6;31.6;80.3
110.5;40;150.4
201.8;50.1;251.9
124.7;51.5;176.1
18.5;24.1;42.6
8.3;13.4;21.7
6.5;8.5;15
6.1;8;14.2
7.5;8.8;16.3
7.7;9.4;17.2
6.4;10.8;17.2
10;13.7;23.7
10.1;23;33
9;24.1;33
6.4;28.7;35.1
6.3;25.6;31.8
4.8;18.3;23.1
6.5;23.2;29.6
7.8;22.7;30.6
3.4;19.6;23
1.4;19.4;20.8
0.7;16.8;17.5
1.4;18.3;19.7
4.9;23.1;28
53.2;32.2;85.4
111.4;38.3;149.7
169.5;44.4;213.9
187.5;61.5;249
92.5;67.2;159.8
35.9;44.7;80.6
9.1;16.5;25.6
6.7;16.7;23.4
6;9.2;15.2
7.4;12.4;19.8
6.8;24.6;31.4
14;31.6;45.7
8.2;24.2;32.4
5.6;27.5;33.2
3.8;22;25.8
6.4;34.7;41
11.8;32.8;44.6
5.6;24.7;30.2
6.6;24.6;31.2
2.1;17.5;19.7
0.8;14;14.8
0.6;9.8;10.4
0;7.2;6.9
10.5;24;34.5
22.4;28.5;50.9
84.6;32.7;117.3
96.1;34.5;130.6
35.8;27.4;63.1
14.3;16.7;31
5.8;9.4;15.2
6;8.4;14.4
9.7;11.3;21.1
7.9;10;17.8
6.8;9.9;16.7
9.6;12.3;21.9
8;10.3;18.3
8.4;11.7;20.1
9.8;16.2;26
6.8;17.4;24.3
14.2;25.8;40
13;27;40
15.2;25.5;40.6
9.5;21.9;31.4
14.8;26.4;41.2
4.7;17.4;22.1
3.8;15.3;19
2.1;14.3;16.4
13;21.1;34.1
21.9;22.7;44.7
59.4;29;88.4
31.2;22;53.2
13.5;13.3;26.8
8;8.5;16.4
7.9;7.9;15.9
8.7;8.3;17
7.9;7;14.9
9.8;8.4;18.2
9.7;7.2;16.9
12.8;9;21.9
11.5;8.5;20
10.9;9.4;20.3
7.9;9.5;17.4
13.1;14.8;27.9
10.5;17.3;27.8
4.7;11.2;15.9
9;16.7;25.7
9.6;17;26.6
6.1;15.2;21.3
7.8;19.6;27.4
1.2;10.6;11.8
1.7;10.8;12.5
10.1;18.8;28.9
6.7;18;24.7
12.1;21.8;33.9
16;21.4;37.5
14.1;17.1;31.1
13.9;14.2;28.1
4.6;6.9;11.5
4;4.9;8.9
4.4;4.1;8.5
4.5;3.9;8.4
4.5;3.7;8.2
4.2;3.7;7.9
4.6;4.3;8.9
5.8;4.6;10.4
4.8;6.9;11.7
4.7;9.9;14.6
6.9;15;21.8
5.1;17.1;22.1
3;14.8;17.8
3.3;18.1;21.3
1.3;9.8;11
1;5.3;6.3
NA;NA;NA
NA;NA;NA
0.2;4.3;4.5
16.7;21.1;37.8
14.6;25.1;39.8
20.2;25.5;45.6
17.1;20.6;37.7
9.4;12.8;22.3
10.1;12.3;22.4
8.4;10.8;19.2
12.1;12.3;24.4
10.6;11.1;21.6
7.9;8.7;16.6
10.5;11.5;21.9
12.9;14.8;27.8
15.5;17.6;33.1
8.8;14.8;23.5
19.7;25.3;45.1
13.6;26.8;40.4
13.2;27.9;41.1
12.9;28.6;41.5
31.6;34.4;66
64.1;35.8;99.8
99;37;136
86.3;37.9;124.2
94.6;37.8;132.4
12.3;29;41.3
27.9;31.6;59.5
20.5;30.5;51
22.7;29.9;52.6
19.1;23.6;42.7
11.6;13.2;24.8
7.8;9.9;17.7
8.6;9.7;18.3
7.8;9.8;17.6
6.9;11.1;18
9.1;13.1;22.2
7.1;11.5;18.6
9.5;14.6;24.1
12.9;19.5;32.4
13.8;19.9;33.7
19.3;28.4;47.8
20.3;31.2;51.5
16.1;27.5;43.6
7.4;15.9;23.3
1.7;9.9;11.6
0.4;6.8;7.2
0.4;4.8;5.2
0;4.9;4.7
0;9.9;10
2.2;19.2;21.4
15.4;27.1;42.5
33.6;31.9;65.4
30.9;31;61.9
50.4;33.5;83.9
31.4;28.5;59.9
20.3;26.9;47.2
75.5;15.8;91.2
13.8;18.9;32.6
15.8;18.4;34.2
14.8;16.1;30.9
16.5;13.6;30.1
16.8;12.8;29.6
12.5;10.6;23.2
23.1;18.2;41.3
38.1;26.5;64.6
71.2;29.7;100.9
48.2;26;74.2
53.8;25.2;79
100.6;28.5;129.1
71.9;26.1;98
72.6;29.1;101.7
94;30.8;124.8
47.9;18.9;66.8
67;26.4;93.3
110.3;28.6;138.9
85.8;32.6;118.4
73.4;30;103.4
56.9;25.6;82.5
37.2;23.6;60.7
17.4;14.7;32.1
10.2;10.2;20.4
7.1;8.8;15.9
5.6;8.4;13.9
5;11.5;16.5
8.3;19.7;28
6.9;21.5;28.4
19.3;32.2;51.5
39.1;37.7;76.8
72.4;49.9;122.2
96.9;48.8;145.7
51.7;41.1;92.8
35.2;34.8;69.9
37.3;34.7;72
43.6;30.4;74
29.1;26.6;55.7
48.3;22;70.3
46.6;19.2;65.8
52.7;21.3;74
93;24.5;117.5
152.6;30.1;182.7
162.6;32.6;195.3
133.3;44.2;177.5
70.5;52.2;122.7
30.6;46.5;77.1
23.5;48.3;71.8
6.4;16;22.4
7.8;14.2;22
5.8;9.8;15.6
5.6;8;13.5
7.2;14;21.3
5.9;16.7;22.7
13.5;29.8;43.3
24.6;45.1;69.7
14.7;43.8;58.5
67.8;49.9;117.7
42.9;41.8;84.7
36.9;40.9;77.8
49.1;39.7;88.8
14.3;33;47.2
24.5;33.5;58
53.4;33.3;86.7
31;29.1;60.1
38.1;30.3;68.4
65.7;35;100.6
121.6;39.3;160.9
123.3;40.6;163.9
76.1;44.1;120.2
27.8;31.4;59.2
12.3;21.6;33.9
10;23.5;33.5
9.1;29.4;38.5
9.6;28.1;37.7
7.6;23.4;31
7.5;21.6;29
6.1;21.2;27.4
5.9;22.6;28.5
4.3;26.1;30.3
7;30.8;37.8
10;26.3;36.3
13.8;31.6;45.4
14.6;34.8;49.4
7.6;30.9;38.5
0.4;10.9;11.3
0.9;9.4;10.2
0.8;10.1;10.9
1.5;16.8;18.4
3.6;21.5;25.1
26.6;28.9;55.5
23;24.8;47.8
42.3;26.8;69
34;27.8;61.8
33.8;30.4;64.3
19.2;25.2;44.4
11.6;20.5;32.1
10.6;19;29.6
8.6;17;25.7
3.9;11.3;15.2
6;14.7;20.7
10;20.8;30.8
7.6;20.9;28.5
18.1;33.5;51.6
12.8;29.9;42.7
16.3;29.5;45.8
21;31.2;52.2
21.8;28.5;50.3
14.2;27;41.2
6.1;22.4;28.6
9.1;22.9;32.1
1.6;16.2;17.8
1.6;11.9;13.6
8.6;23.6;32.2
32.7;28.9;61.5
72.3;33.7;106
73.8;35.5;109.2
74.3;36.2;110.4
29.4;24.2;53.7
10.4;12.7;23.2
13.2;16;29.1
11.5;18.7;30.2
8.5;26.5;34.9
19.3;24.3;43.6
12.3;14.3;26.6
6.2;15.4;21.5
23;33.1;56.1
48.6;40.5;89.1
46.5;38.9;85.4
38.6;33.5;72.1
49.2;33.7;82.9
43.8;30.5;74.3
43.9;30.7;74.5
10.3;24.7;35
1.7;16.5;18.1
1.8;17;18.9
7.8;22;29.7
15.5;23.9;39.4
80.2;29.7;109.9
52.3;26.7;78.9
104.5;29.5;134
73;38.6;111.6
59.4;47.8;107.2
29.7;39.1;68.8
11.5;31.9;43.4
7.5;22.7;30.2
3.9;14.2;18
5.6;15.5;21.1
8;19.6;27.6
5.2;18.9;24.1
29.1;33.5;62.6
101.2;49.1;150.4
58.6;44.7;103.3
29.5;39.3;68.8
21.8;26.8;48.6
3.9;19.7;23.7
2.8;17.1;19.9
1.6;11.3;12.9
4.3;17.1;21.4
2.3;10.4;12.7
3.9;15.2;19.1
8.8;21.2;29.9
25.2;29.1;54.3
23.6;28.1;51.7
17.3;25.5;42.8
54.2;34.9;89.1
42.8;33.6;76.4
35.3;39.8;75.1
10;21.1;31
4.4;10.8;15.3
4.6;9.4;14
6.7;11.4;18.1
6.7;15.1;21.8
7.1;15.6;22.7
5.6;15.1;20.7
6.6;24.8;31.4
7.8;25.6;33.5
5.8;20.1;25.9
5;17.2;22.1
5.2;19.2;24.4
2.5;12.9;15.4
0.7;6.3;7.1
0.5;3.2;3.8
1.1;5.4;6.5
1.6;8.9;10.4
3.2;15;18.2
39.1;28;67.2
93;32.6;125.6
78.8;30.7;109.5
45.2;23.8;68.9
13.2;14.3;27.5
10.9;15;25.9
8.3;17.8;26.1
6.2;16.1;22.3
6.9;14.7;21.6
7;16.8;23.7
5.8;15.6;21.4
7.3;17.8;25
17.5;25;42.5
17.9;23.5;41.4
25.8;30.8;56.7
29.5;29.5;59
34.2;33.4;67.6
21.1;29.2;50.3
12.5;26.6;39.1
31.1;30.2;61.4
51.7;26.7;78.4
68;25.7;93.7
52.2;22.6;74.8
69.6;23.7;93.3
110.1;28.4;138.5
172.7;38.5;211.2
121.1;44.9;166
38.7;36.8;75.5
13.1;23.1;36.2
4.3;8.8;13.1
4.4;8.2;12.6
4.8;11.5;16.3
7;18.9;25.9
7.4;14.5;21.8
5.9;16.8;22.7
9.8;24.4;34.2
4.5;20.7;25.2
9.3;35.1;44.3
12.6;34.1;46.7
12.9;29.3;42.2
12.2;27.3;39.5
14.4;30.7;45.1
8.2;27.1;35.3
3.7;18.2;21.9
10;23.5;33.5
10.1;24.1;34.2
13.7;21.7;35.4
21;24.7;45.7
25.3;27.6;53
63.3;31.7;95
35.4;27.5;62.8
13.7;16.6;30.4
5.8;10.6;16.4
5.1;11.8;16.9
4.6;13.6;18.3
4.8;13.7;18.5
5.5;12.6;18.1
4.8;15.9;20.8
8;18.9;26.9
21.9;35.7;57.6
16.8;40.4;57.2
59.9;48.2;108.1
69.1;37.7;106.7
51.4;32.8;84.1
55.7;33.2;88.9
55.9;33.6;89.5
16.9;28.4;45.3
25.8;26.7;52.5
58.9;28.7;87.5
76.8;29.9;106.7
6.7;18.7;25.5
18.1;28.4;46.6
37.6;28.4;66
77.2;31.8;109
37.8;26.7;64.4
7.6;12.2;19.9
2.8;3.8;6.6
3.2;4.1;7.3
3.4;5.3;8.7
3.7;11.2;14.9
8;11.8;19.7
7.4;10;17.4
8.4;8.7;17.1
8.5;10.4;18.9
5.1;12.2;17.3
4.8;17.6;22.4
7.1;21.2;28.3
6.6;21.2;27.8
9.7;20.2;29.9
8.9;21.8;30.7
6.5;16.7;23.2
5;13.5;18.5
0.9;4.1;5
1.5;8.1;9.5
7.5;18.4;25.9
6.6;18.7;25.4
36.9;26.7;63.6
34.7;26.8;61.4
19.1;20.7;39.8
8.2;10;18.2
5.9;11.4;17.3
7.4;16.3;23.7
NA;NA;NA
NA;NA;NA
5.5;16.2;21.7
5.8;15.1;21
7.5;15.1;22.6
5.7;13.9;19.6
7.8;21;28.7
11;27.8;38.7
12;27.2;39.2
13.9;27.3;41.2
11.6;26;37.6
36.2;38.3;74.5
19.2;30.6;49.8
4.2;20.4;24.6
6.1;21.8;27.9
41.6;26.9;68.6
39.4;28.7;68
11.7;23.5;35.2
84.2;31.4;115.6
147;37.8;184.8
58.4;33.2;91.7
29.8;29.8;59.6
5.9;8.9;14.8
5.5;9;14.5
4;8.3;12.3
7.1;18.8;26
8.5;16.5;25
9.4;14.6;24
6.6;11.7;18.3
4.6;15.7;20.3
10.8;27.6;38.5
16.3;35.7;52.1
18.4;37;55.4
33.5;39.5;72.9
36.1;40.7;76.8
28;36.2;64.2
17.6;30.6;48.2
3;17.4;20.4
1.3;10.3;11.7
3.3;16.7;20
1.9;11.6;13.5
49.4;28.4;77.8
88.5;34.8;123.3
95.6;36.3;131.9
29.5;28.1;57.6
20.5;24.7;45.2
NA;NA;NA
5.9;8.6;14.5
5;8.8;13.8
5.2;8.1;13.3
6.7;9.2;16
8.3;13.2;21.5
7.4;14.5;21.9
5.4;12.8;18.1
4.3;17.2;21.5
4;24.6;28.5
10.7;28.9;39.5
5.6;20.4;26
6.9;23.1;30
5.6;18.5;24.1
4.3;19.2;23.5
2.7;18.4;21
2.1;16.7;18.8
5.8;25.8;31.6
10;27.5;37.5
19;26;45.1
93.5;37;130.4
111.7;44.6;156.3
133.8;59.5;193.3
45.6;44.1;89.6
6.1;9.3;15.4
6.8;10.1;16.9
5.1;7.9;13
7.7;10;17.7
6.8;7.8;14.7
7.8;7.9;15.7
5.8;13.6;19.4
6.9;15.6;22.5
3.4;13.1;16.5
4.6;19.4;23.9
7.3;29.2;36.5
18.6;41.7;60.3
11.3;36.9;48.2
8.3;28.7;37
3.3;19;22.3
3.4;19.4;22.8
6.3;26.2;32.5
6.6;26.5;33.1
26.5;30.3;56.8
46.9;31.9;78.8
81.5;42.3;123.8
85.5;40.7;126.3
21.6;29.6;51.2
65.6;57.8;123.4
70.6;67.8;138.4
24.8;44.5;69.3
13.2;28.8;42
6.9;22.3;29.3
5.2;22;27.1
4.5;20.3;24.9
4.2;19.8;24
3.4;17.9;21.4
4.5;25.4;29.9
4.5;32.3;36.8
4.6;36.6;41.2
4.7;40.3;45
4.6;30;34.7
9.7;37.3;47
2.4;19.8;22.2
2.1;15.6;17.6
1.8;15.5;17.3
2.1;20.1;22.2
3.4;28.9;32.4
9;37.1;46.1
17.2;42.7;59.8
15.4;36.1;51.4
9;23;32
6.9;13.9;20.9
6.8;11.6;18.4
4.7;8.8;13.5
4.5;10.6;15.1
3.6;14.1;17.7
3.1;16.6;19.7
4.2;16.1;20.4
3.9;14.6;18.5
3.5;17.3;20.8
2.7;19.5;22.2
3.1;23.2;26.3
2.4;24.9;27.3
2.2;21;23.2
4.2;30.5;34.7
2.2;13;15.2
2;7;9
1.5;4.2;5.7
1.2;3.7;4.9
1;6.2;7.2
1.6;9.5;11.1
1.6;5.1;6.7
1.5;7.4;8.9
6.4;20.3;26.7
16;26.5;42.5
7.5;19;26.6
8.4;17.6;26
3.7;11.3;15
2.5;10.1;12.6
5.3;13.9;19.2
4.6;9.1;13.7
3.6;10.1;13.7
3.5;12.4;15.9
4.2;13.8;18
4;17;21
4.4;27.2;31.5
7.6;31.4;39.1
23.9;39.5;63.4
12.3;32.4;44.7
2.5;8;10.4
1.6;6.1;7.7
1.1;2.8;3.9
1;2.3;3.3
1.4;3.3;4.7
6;8.1;14.1
10.2;22.1;32.3
23;30.2;53.2
56.5;38.3;94.8
73.7;42.2;115.9
22.4;29.4;51.8
13.6;18.9;32.5
8.1;17.4;25.6
6.2;8.9;15.1
4.7;7.4;12.1
6.7;13.7;20.4
13.8;21.4;35.2
7.3;11.1;18.4
13.9;22.2;36.1
23.7;36.8;60.5
13.6;30;43.6
13.2;34.2;47.4
15.8;37.8;53.6
30;40.1;70.1
27.3;35.5;62.8
3.6;15.2;18.8
1.5;4.8;6.3
2;2.9;4.9
1.6;4.5;6.1
1.8;7.6;9.5
7.1;15.9;23
35.8;28.1;63.9
67.1;31.7;98.8
88.8;39.1;127.9
80.8;49.7;130.6
58.1;56.3;114.4
19.1;40.7;59.8
8.4;17.6;26
8.1;12.8;20.9
8.8;15;23.8
12.4;21.6;34
10.1;17.3;27.4
9.5;18.1;27.6
14.7;21.5;36.3
38.3;37.6;75.9
67.3;39.4;106.6
73.8;38;111.8
60.8;38.4;99.1
99.7;43.1;142.8
41.3;36.4;77.7
34.6;32.5;67.1
20.3;29.5;49.8
7.6;23.1;30.8
3.6;16.1;19.7
8.8;21.1;29.9
31.4;33.7;65.1
76.2;40.1;116.3
36.3;28.4;64.7
11.6;15.8;27.4
11.3;18;29.3
7.2;11.9;19.1
6.7;14.1;20.7
4.3;8.6;12.8
3.7;9.4;13.1
5.5;10.6;16.1
6;10.6;16.6
6.5;11.8;18.3
6.4;21.6;28
4.9;20.2;25.1
7.2;28;35.2
6;23.4;29.4
4.2;24;28.2
3.1;17.7;20.7
3.1;14.5;17.6
1.6;9;10.6
1.4;7.8;9.2
1.4;5.2;6.7
1.8;8.3;10.1
3.9;17;20.9
16;29;45
18.2;31.3;49.5
44.3;36.3;80.6
39.3;36;75.3
8.6;12.5;21.1
NA;NA;NA
5.5;13.4;18.9
6;16.1;22.1
7.7;14.1;21.8
8.2;13.3;21.5
8.6;13.3;21.9
6.5;12.8;19.3
5.8;17.7;23.5
6.7;28.9;35.6
9.7;34.3;44
23.7;37.4;61.1
19.4;35.1;54.5
16.3;27.3;43.6
7.2;18.6;25.7
1.9;6.5;8.5
3.3;13.3;16.7
6.9;22;28.9
5.3;21;26.2
13.1;27;40.1
36;31.9;67.9
39;32.3;71.3
45.5;32.5;78
35.8;35.3;71.1
36.1;38.8;75
16.6;24.6;41.2
7.5;17.8;25.3
4.7;13.8;18.6
6;15.8;21.8
6.9;16.9;23.8
8.6;17.7;26.3
5.9;17;22.8
4.8;15.1;20
4.7;18.1;22.8
4.1;16.8;20.9
4.5;20.7;25.2
15.7;35.5;51.2
18;36.2;54.1
16.6;32.4;49
8.5;27.1;35.6
5.3;25.4;30.7
3.4;18.6;22
3.2;18;21.2
7.5;23.1;30.6
35;35.7;70.7
30.8;34.2;65.1
22.6;26.9;49.5
50;42;92
23.9;37.6;61.6
22.1;30.5;52.6
8.9;24.4;33.3
5.7;18.8;24.5
7.8;15.4;23.2
5.6;10.8;16.4
5;10.3;15.3
4.2;11.9;16
3.8;15.8;19.6
5.6;25.1;30.7
8.9;35.3;44.2
8.7;34.7;43.4
5.6;27.1;32.7
2.4;13.1;15.5
1.4;6.8;8.2
1;6.6;7.6
4.7;12.5;17.2
5.6;19.3;24.9
7.3;17.6;24.9
7.5;16.6;24
5;21.3;26.3
25;30.6;55.6
28.4;24.7;53.1
26;23;49
12.9;19.5;32.4
8.7;12.7;21.5
7.2;14;21.1
4.3;11.9;16.2
4.4;8.3;12.7
4.2;7.1;11.3
4;8.2;12.3
4.2;8;12.2
2.6;8.2;10.8
2.3;9.9;12.2
2.3;13;15.3
2.1;14;16.1
5.8;19.3;25.1
3.7;17.7;21.4
1.3;5;6.4
0.9;3.9;4.8
1.6;4.9;6.5
4.4;8.9;13.3
1.2;8.1;9.2
5.1;18.5;23.6
29.5;33.6;63.1
49.5;39;88.5
50.7;39.1;89.8
59.2;44.1;103.2
48.1;44.1;92.2
24.5;36.3;60.7
13.2;32.8;46
4.9;19.8;24.6
3.1;14.8;17.9
3.8;10.6;14.4
5.4;13.4;18.8
6.2;15.6;21.8
3.8;14.9;18.7
14.1;38.8;52.9
12.8;43.3;56.1
32.7;50.2;82.8
39.1;35.7;74.7
51.1;46.4;97.5
43.9;43.3;87.2
27.1;36.5;63.6
9;32;41
10.2;27.8;38
34.7;33.5;68.1
24.9;31.3;56.1
96.4;37;133.4
110;36.7;146.7
64.4;38.9;103.2
76.4;51.2;127.5
35;41;76
19;33.6;52.6
7.1;21.2;28.3
4.3;15.8;20.1
4.8;14.1;18.9
5.9;13.7;19.6
4.5;10.7;15.1
4.3;12.2;16.6
5.1;20.5;25.5
3.7;20.9;24.6
2.7;17.9;20.6
2.8;17.7;20.6
2.2;14.8;17
1.6;12.6;14.2
1.3;10.8;12.1
1.4;12.5;14
3.6;27.4;31
3.8;24.2;28
2.3;20.1;22.4
12;30.1;42
30.4;36.2;66.6
63.7;38.2;101.8
62;40.7;102.6
40;43.2;83.2
14.6;29;43.5
9.1;29;38.2
5.2;19.1;24.3
5;13.8;18.8
5.8;13.8;19.5
5.2;13.4;18.5
5.3;13.7;19
3.8;15.9;19.7
4.1;22.8;26.9
3;21.4;24.4
5.2;27.2;32.5
9.2;35.7;44.9
10.4;36.4;46.7
11.5;40.2;51.6
3.7;25.3;29
3.5;28.8;32.2
2.6;26.5;29.1
10.3;33.7;44
9.5;35.6;45
30.7;35.8;66.5
68.5;40.8;109.3
83.7;43.8;127.5
20.6;28.3;49
8.9;19;28
4.2;10;14.2
NA;NA;NA
3.1;12.5;15.5
4.7;14.2;18.9
5.6;11;16.7
5.8;11.3;17.1
6.2;12.8;18.9
5;13.5;18.5
3.4;15.6;19
2.3;16;18.3
4.1;25.7;29.8
3.4;28.1;31.5
4.8;27.2;32.1
3.2;24.7;28
5.1;27;32.2
3.5;24.6;28.1
3.1;16.7;19.8
3;21.9;24.8
2.4;19.2;21.7
1.6;12.6;14.2
3;16.7;19.6
13.5;30.3;43.8
14.3;25.2;39.6
11.6;19;30.6
10.5;14.1;24.6
3.2;7.5;10.7
2.3;6.6;8.9
4.8;8.8;13.6
3.2;5.8;9
2.6;5.3;7.9
4.5;5.8;10.4
3.5;5.6;9
1.1;3.5;4.6
1.7;5.9;7.6
1.5;6.7;8.2
1.1;5.6;6.7
1.1;5.9;6.9
1.2;4.3;5.5
1.4;3.5;4.9
0.9;3.6;4.5
0.8;4.8;5.6
0.6;4.1;4.8
1;5.1;6.1
1;6.2;7.2
1.2;7;8.2
2.6;8.7;11.3
1.8;5.7;7.6
7.9;9.4;17.3
6.6;5.4;11.9
3.6;3.9;7.5
2.7;3.6;6.4
1.4;2.2;3.6
1.4;2.1;3.6
2;3.3;5.4
1.7;2.4;4.1
2;3.6;5.6
1.7;5.4;7.1
1.2;6;7.2
1.4;8.3;9.7
1.1;6.4;7.6
1.2;8;9.2
1.7;9;10.8
1.4;8.2;9.5
1.3;8;9.3
1.9;13.2;15
2.7;15;17.7
5.6;14.2;19.8
6.7;16.3;23
29.1;16.3;45.4
47.1;16.8;63.8
23.4;16.3;39.7
21.7;19.8;41.5
10.4;12.7;23.1
3.8;6.5;10.2
1.6;3.7;5.3
1.3;1.8;3.1
1.4;1.3;2.7
1.2;0.9;2.1
1.1;0.6;1.8
0.8;0.3;1.1
0.9;1;1.9
1.2;3.4;4.6
3.2;5.4;8.5
1.9;2.6;4.5
0.9;4.3;5.3
1.1;7.6;8.7
0.8;5.7;6.6
1.4;9.1;10.5
1.5;7.8;9.3
1.1;7.8;8.9
1.4;10.1;11.5
2;12.8;14.8
5.1;16.8;21.9
13.9;21.9;35.8
10;16.5;26.5
8.9;14.7;23.5
5;10.2;15.2
2.2;6.1;8.3
2.2;6.6;8.8
1.5;4.6;6
1.5;3.8;5.2
1.6;4;5.6
2.3;4.9;7.2
1.8;4.2;6
1.4;5.1;6.6
1.2;8.9;10.1
1.4;12.9;14.4
1.2;9.7;10.9
1.3;9;10.3
1.4;8.4;9.7
0.9;8.8;9.7
1;4.4;5.4
1.5;11.5;13
1.5;15.7;17.2
2.2;19.6;21.8
10.5;28.5;39
35.2;33.7;68.9
29;34.3;63.3
12.9;25.8;38.7
8.8;18;26.8
7;15.2;22.2
6.2;17.4;23.6
5;18.3;23.3
5.8;12.3;18.1
3.6;11.3;15
3;13.7;16.7
3.7;13.7;17.5
4.1;16.2;20.2
4.6;20.7;25.4
3.4;23.2;26.6
2.2;15.5;17.7
2.8;15.9;18.7
4.2;26.2;30.4
3.9;27.4;31.3
3.8;23.4;27.2
10;24.8;34.8
5.9;23.2;29
3;15.7;18.7
3.2;12.8;16
7.8;17.5;25.2
21.1;22.7;43.9
37;24.5;61.5
17.7;19.5;37.2
8.9;20.1;29
6.9;15.1;22
3.4;8.6;12
2.6;6.9;9.5
1.7;5.9;7.5
3.1;12.4;15.5
3.4;11.6;15
11;24.2;35.2
8.3;22;30.3
4.7;21.8;26.5
3.7;23.2;26.9
2.1;15.9;18
1.5;15.2;16.8
2.4;21.1;23.5
2.1;17.2;19.4
3.9;16;19.8
1.7;11.8;13.5
4.2;13.4;17.6
1.9;12.2;14.2
2.6;15.5;18.2
2.6;14.1;16.7
12.2;23.8;36.1
33.8;26.8;60.6
24;22.5;46.6
14.5;16.3;30.7
6.7;12.6;19.3
4.2;10.1;14.3
1.5;5.7;7.2
2.4;5.3;7.7
2.2;4.6;6.7
2.2;3.7;5.9
1.8;3.7;5.5
4;10.5;14.5
4.2;20;24.2
3.3;16.4;19.6
2.9;15;17.9
1.7;10.1;11.8
2;12;14
2.3;14.5;16.7
2.1;15.1;17.1
4.5;16.8;21.3
5.1;16.2;21.2
7.2;19;26.2
3;12.6;15.6
3.5;11.5;15
53.5;24.6;78.1
48.3;25.1;73.4
40.2;26;66.2
23.5;27.3;50.8
10.2;16.3;26.5
4.4;8.4;12.8
5.7;8.1;13.8
2.8;7.2;10
2.3;5.2;7.4
1.8;4.3;6.1
2.2;5.3;7.6
2.5;6.7;9.2
1.7;8.3;10
1.7;7.9;9.5
1.2;6.7;7.9
1.2;6.5;7.7
1.3;3.5;4.8
0.9;3.2;4.1
1.2;2.9;4.1
1;3.1;4.2
1.3;5.5;6.8
0.9;3.7;4.7
1;2;3
0.9;3.2;4.1
1.1;5.8;6.9
6.1;20.5;26.6
10.9;23.9;34.9
9.6;17.7;27.3
9.2;16.7;26
4.2;7.3;11.5
1.9;5;6.9
2.2;5.2;7.4
2;4.1;6.1
1.8;3.2;5
2.1;3.3;5.4
1.8;3.4;5.2
1.7;6.5;8.3
1.3;7.3;8.6
1.3;7.6;8.8
1.4;11.5;12.9
1.4;6.7;8.1
1.1;5.2;6.3
1;5;6
1.1;3.5;4.6
1.3;2.4;3.7
0.8;2.1;2.9
1.2;6.1;7.3
1.8;9.1;10.9
2.8;13.2;16
8.4;19.9;28.3
9.8;17.2;27.1
1.3;2.6;3.9
0.9;1.5;2.4
1;1.2;2.1
0.9;1.1;2
0.9;0.9;1.8
1.2;3;4.2
1.8;3;4.8
1.6;2;3.6
1.9;3.4;5.3
1.5;4.9;6.4
2.8;6.6;9.4
1.1;3.9;5
1.4;6.2;7.6
0.9;5.1;5.9
1.3;5.4;6.7
0.8;3.2;4
1;2.3;3.3
1;0.4;1.4
1.2;0.6;1.7
0.4;1.3;1.7
1.2;3.5;4.7
2;12.6;14.7
4;18.8;22.8
17.5;30;47.6
7.5;15.5;23
3.1;12.3;15.3
3.6;15.9;19.5
3.5;10.6;14.1
3.3;7.5;10.8
3.8;6.4;10.2
3.2;5.5;8.6
2.5;5.6;8.2
3.3;7.8;11.1
3.2;9.9;13.1
NA;NA;NA
2.1;8.9;11
1.7;5.5;7.2
1.7;8.3;10
2;10.3;12.4
2.2;7.3;9.5
1.7;6.4;8
0.8;1.7;2.5
0.8;1.3;2.2
2;9;11
3.8;17.8;21.6
12;23.8;35.8
25;25.9;50.9
19.8;22.1;41.9
14.9;18.1;33.1
NA;NA;NA
NA;NA;NA
5.9;12.4;18.3
4.2;6.3;10.5
3.7;5.8;9.5
4.5;5;9.6
4.2;4.3;8.5
3.8;3.4;7.2
3.7;4.6;8.3
4.2;9.7;13.9
4.9;10.8;15.7
6.2;13.1;19.3
2.9;7.9;10.9
2.7;9.8;12.5
2.4;8.5;10.8
2.2;10.6;12.8
3.5;14.7;18.2
3.5;12.9;16.4
2.2;9.9;12.1
2.3;6.4;8.7
12.3;16.1;28.4
30;21.1;51.1
34.4;23.7;58
24.6;23;47.6
10.3;19.8;30
4.8;12;16.8
12.9;16.1;29
11;15.4;26.4
14.1;20;34.1
9.2;13.5;22.7
6;12.4;18.4
5.3;15.1;20.4
5.3;16.1;21.4
6;20.8;26.8
9.1;25.7;34.8
7.5;22.4;29.9
5.1;20.2;25.4
1.9;11.2;13.1
2.1;11;13.1
2.1;6.2;8.2
1.3;7.2;8.6
2.5;5.7;8.2
3.6;7.8;11.5
1.8;8.8;10.6
3.3;12.3;15.6
25.5;24.8;50.3
36;28.9;65
17.2;17.7;34.9
5.2;4.9;10.2
3.4;2.8;6.2
2.1;2;4.1
2.2;2.7;4.9
2.9;2.4;5.3
2.2;2.8;5
4.5;9.4;13.9
4.7;7.4;12.1
2.8;9.1;11.9
3.1;11.5;14.6
2.8;13.2;16.1
3.6;10.6;14.2
2.8;11.3;14.1
2.2;15.9;18.1
1.4;9.4;10.8
1.1;4.3;5.4
0.7;1.7;2.4
3.4;6.8;10.1
2.9;10.3;13.2
3.5;12.8;16.3
25;27.1;52.1
19.7;22.2;41.9
32.9;23.3;56.3
14.2;16.9;31.1
5.9;5.9;11.8
3.1;2.6;5.7
2.7;2.3;4.9
3.1;2.1;5.1
3.7;3.3;7
2.9;2.2;5.1
2.8;2.6;5.4
2.6;3.4;6
2.3;3.1;5.4
2.8;4.1;6.9
2.8;5.2;8.1
3.7;7.3;11
3.1;6.3;9.4
2.4;4.9;7.4
1.6;1.8;3.4
1.8;2.4;4.2
0.9;1.5;2.5
1.1;2.2;3.4
0.9;2.1;3
4.2;9.7;13.9
27.4;15.4;42.8
59.8;19;78.9
37.1;19.1;56.1
10.8;8.4;19.2
4.1;2.3;6.4
3.7;2.1;5.7
3.8;2.7;6.4
4;2.8;6.8
3.3;1.8;5.2
3.6;2.3;5.9
2.3;1.3;3.6
2.5;1.1;3.6
2.8;3;5.8
2.8;5.3;8.1
3.1;5.6;8.7
6.5;9.3;15.8
4.9;10.2;15.1
2.1;4.6;6.6
1.9;3.8;5.7
2.4;5.8;8.2
3.4;5;8.4
2.5;4.9;7.4
8.2;12.2;20.4
3.8;10.2;14
9.4;12.7;22.1
15.7;12.8;28.5
14.5;9.7;24.2
9.1;10;19.1
4.8;3.9;8.7
1;0.3;1.3
1.4;0.3;1.6
1.4;0.3;1.7
1.3;0.4;1.7
3.2;1.4;4.6
2.6;1.4;4
1.5;0.8;2.3
1.4;1.6;3
1.2;4.2;5.4
1.6;4.1;5.8
1.5;2.5;4
1.5;3.4;4.9
1;3;4
1.5;3.9;5.3
2.6;6.7;9.3
1.7;7.6;9.3
1.2;4.1;5.3
6.8;14.6;21.4
6.8;12.6;19.4
7.6;15.3;22.9
14.5;13.3;27.7
7.2;8.7;15.9
6.7;9.1;15.9
7.9;8;15.9
7;7.1;14.2
5;5;10
5.6;3.9;9.6
5.9;5.9;11.8
4.5;3.2;7.7
5.2;6.9;12.1
4.3;6;10.3
2.9;6.5;9.4
2.3;9;11.3
3.5;17.4;20.8
5.8;19.8;25.5
2.1;9.6;11.7
1.7;6.9;8.6
1.2;1.5;2.7
0.9;0.1;1
1.9;0.6;2.5
NA;NA;NA
1.4;0.8;2.2
2.6;6;8.6
9.2;18.9;28.1
17.1;21.8;38.9
25.3;21.5;46.8
25.8;21;46.8
8.5;8.6;17.1
4.8;4.5;9.3
4.3;3.4;7.7
4.6;4;8.6
3.5;2.3;5.8
3.1;3.2;6.3
3.3;3.6;6.9
4.2;4.1;8.3
2.6;5;7.5
3.2;7;10.1
2.8;6.5;9.3
2.5;7;9.5
2.7;7.9;10.6
1.9;5.4;7.3
2.8;10.4;13.1
0.9;2.7;3.6
1.3;3.5;4.8
3.2;8.3;11.5
3.4;11;14.4
3.4;13;16.3
21.1;20;41.1
96.5;28.2;124.7
46.9;30.6;77.4
6;6.2;12.2
5.8;5.8;11.6
4.6;4.3;8.9
4.2;2.8;7
4.1;5.1;9.2
4.2;6.8;11
4.6;8.6;13.2
9.2;14.6;23.7
5.7;15.5;21.3
6.5;14.2;20.7
4.9;16.1;21
8.1;20.7;28.8
5;12.8;17.7
2.2;6.6;8.8
3.7;16.1;19.7
4.5;16.4;20.9
2.5;10.1;12.6
0.8;1.7;2.5
0.8;2.5;3.3
1.7;5.4;7.1
2.4;7.8;10.1
11.4;20.1;31.6
21.4;19.2;40.6
23.9;18.6;42.5
7.6;9;16.5
2.1;2.8;4.9
1.6;1.7;3.3
1.9;1.7;3.7
1.6;0.8;2.4
1.3;0.2;1.4
1.4;0.2;1.6
0.8;0.6;1.5
0.9;0.2;1.1
2;6;7.9
2.2;6.3;8.5
1.5;5.9;7.4
1.2;8;9.3
1.6;8.9;10.5
1.9;10.4;12.3
0.5;2.2;2.7
1.2;5.7;6.8
1.6;9.7;11.3
1.1;7.3;8.5
1.2;3.4;4.6
1.4;6;7.4
4.3;9.5;13.8
10.6;12.3;22.9
14.1;13.5;27.6
7.5;8.7;16.2
3.6;3.7;7.3
1.7;0.9;2.6
1.3;0;1.3
NA;NA;NA
NA;NA;NA
1.5;0;1.5
NA;NA;NA
1.4;0.2;1.7
1.3;0.9;2.3
1.9;6.8;8.7
1.6;4.4;6
1.8;6.6;8.3
1.6;5.7;7.3
2.9;12.6;15.4
3.3;11.7;15
1.3;5.2;6.5
1.2;5.2;6.4
1.6;6.6;8.2
1.2;5.6;6.9
2.5;8.3;10.8
16.4;14.3;30.7
33.7;15.8;49.5
23.4;15.8;39.1
11;11.8;22.8
7.5;8.7;16.2
5.3;6.1;11.4
3.5;2.9;6.4
3;2.6;5.7
2.6;2.4;4.9
1.7;1.3;3
2.1;0.4;2.5
1.6;1.2;2.9
2.6;4;6.5
2.3;7.3;9.5
1.9;6.1;8
5.7;14.1;19.8
3.8;14.6;18.3
4.1;15.4;19.5
3.1;4.5;7.6
0.8;1;1.8
0.9;2.6;3.6
1.9;4;6
1.1;1.9;3
2.8;5.4;8.3
1.5;4.3;5.8
4.4;8.6;13
7;7.3;14.2
1.7;1.2;2.9
1.4;0.1;1.4
1.3;0.2;1.5
1.4;1.2;2.6
1.2;0.2;1.4
1.5;0.8;2.2
1.3;1.1;2.5
1.1;0.1;1.2
NA;NA;NA
1.3;1.2;2.5
1.1;3;4.1
0.9;2.8;3.7
1.3;2.1;3.4
1.3;4.4;5.7
1.4;5.1;6.6
1.7;6.6;8.3
1.3;4.2;5.5
0.5;0.4;0.9
0.8;1.1;1.8
2.3;8.7;11
4.1;13.4;17.5
36.9;28.5;65.4
77.2;36.8;114
39.2;32;71.2
11.2;16.2;27.4
6.7;12.4;19.1
NA;NA;NA
NA;NA;NA
4.3;6.1;10.3
3.6;6.2;9.9
3.1;4.5;7.6
3.1;3.6;6.7
2.2;3.5;5.7
2.2;5.8;8
3.6;14.9;18.5
3.1;11.3;14.4
4.5;10.2;14.7
1.8;6.2;7.9
1.8;7.2;8.9
1.5;5.1;6.6
3.4;14.5;17.9
4.1;15.1;19.3
8.1;13.9;22
5.8;11.1;16.9
6;13.2;19.1
15.4;22.1;37.5
30.5;24;54.5
35.9;20.8;56.7
8.8;8.6;17.4
4.7;5.9;10.6
3.2;5.1;8.3
3;3.1;6.1
3.2;3.2;6.4
3.9;3.2;7
2.5;2.4;4.9
1.9;1.3;3.2
3.1;3.7;6.8
2.3;4.4;6.7
1.2;6;7.2
1.2;5.2;6.3
2.5;6.8;9.3
1.7;5.4;7.1
2.1;11.1;13.1
1.7;10.5;12.1
1.9;11.7;13.6
2.3;11.5;13.8
1.4;11.6;12.9
3;12.5;15.5
7.4;18.8;26.2
9.2;20.2;29.4
51.9;26.8;78.7
22.3;20.5;42.8
18.7;17.2;35.9
6.9;12.6;19.5
3.5;5.8;9.3
3.3;4.9;8.2
3.3;5.2;8.5
2.4;3.3;5.8
2.6;2.8;5.4
2.7;4.8;7.5
2.7;6.7;9.5
2.5;4.4;6.9
2.1;9.8;11.9
2.1;7.9;10
1.9;9.8;11.7
2.1;15;17.1
1.6;9.9;11.5
3.4;13.2;16.6
1.9;8.3;10.3
2;9.6;11.6
2.5;16.3;18.9
2.1;10.4;12.6
7.7;16.7;24.5
29.9;25.1;55
62;25.8;87.8
55.5;28.9;84.4
24.2;22.9;47.2
8.9;12.9;21.8
5.5;10.5;16
4.2;11.5;15.7
2.9;8.9;11.8
2.4;6.5;8.9
3.1;6.6;9.7
3;5.8;8.9
3.5;10.2;13.7
3.3;15.8;19.1
3.5;17.5;21.1
4.3;12.4;16.7
2.3;11.1;13.4
2;12.2;14.2
2.6;13.1;15.7
7.3;17;24.3
5.2;16.3;21.5
2.9;8.1;10.9
5.1;12.2;17.3
2;8.9;10.9
1.9;7.5;9.4
17.5;22.1;39.6
20.9;30.9;51.9
13.5;24.5;38.1
5.6;13.5;19
4.1;11.2;15.3
4.2;12;16.2
4.1;9.4;13.6
3.8;7.3;11.1
3.8;6.5;10.2
3.6;6.7;10.4
2.9;6.5;9.4
2.8;8.3;11.2
3.3;11.3;14.6
3.4;17.4;20.8
2.9;18.3;21.2
1.8;10.4;12.3
1.9;12.4;14.2
1.5;11.5;13
1.5;9.3;10.8
1.7;10.2;11.9
1.2;8.1;9.2
2;10.3;12.3
3;9.1;12.1
7.7;23.2;30.9
38.3;33.3;71.5
51;33.1;84.1
26.3;28.9;55.2
8.2;14.9;23.1
3.5;7.9;11.4
2.2;3.6;5.9
1.9;3.5;5.4
3.7;5.7;9.4
2.1;3.8;6
3.1;5.9;9
2.3;3.9;6.2
2;4.7;6.7
1.9;6.4;8.2
2.1;8.5;10.6
1.8;8.9;10.7
1.9;11.3;13.2
2.2;13.5;15.8
1.6;10.2;11.8
1.4;9.9;11.4
2.2;8.9;11.1
1.9;9.2;11.1
1.6;10.3;11.9
1.5;7.9;9.5
1.6;11;12.6
6.6;22.2;28.7
8.7;16.1;24.7
13.8;17.4;31.1
15.7;19.1;34.8
6.5;9.7;16.3
1.6;2.3;3.9
1.3;0.4;1.7
1.8;2.4;4.3
2.7;5;7.7
2.5;3.3;5.8
2.2;2.7;4.9
2.1;1.9;4
1.2;2.7;3.8
1.8;3.5;5.2
1.9;4.3;6.2
2.6;4.5;7.1
1.6;5.9;7.5
2.6;10.3;13
3.4;13.7;17.1
3.8;13.4;17.1
3.9;13;17
2.9;13.2;16.1
2.8;11;13.8
5.8;15.1;20.9
42.5;22;64.5
60.6;25.7;86.3
52.5;26.2;78.6
22.2;18.2;40.3
5.1;3.6;8.8
5.4;3.7;9.2
4;2.8;6.9
4.9;3.4;8.3
3.3;1.3;4.5
3.5;3.6;7
5;5.6;10.6
4.9;5.6;10.4
3.5;7;10.5
3.4;9.5;12.9
3.5;12.5;16
6.1;12.5;18.7
3.9;8.9;12.8
2.7;10.2;12.8
2.6;13.3;15.9
3.2;12;15.2
2.5;8.2;10.7
1.8;8.9;10.7
2.5;13.2;15.7
NA;NA;NA
NA;NA;NA
NA;NA;NA
30.4;18;48.5
39.1;21.6;60.7
40.9;25.2;66
17.4;17.5;34.9
13;10.9;23.9
12.2;11.3;23.5
7.3;8.2;15.5
4.7;7.3;12
8.2;11.8;20
5.2;5.3;10.5
7.5;9.1;16.6
8.5;15;23.4
13.5;17.2;30.8
17.3;17.8;35.1
12.6;17.3;29.8
15.3;17;32.3
10.2;15.9;26.1
4.2;14.5;18.7
3.9;11.9;15.7
4.1;12.5;16.6
3.1;9.6;12.7
10.5;12.8;23.3
19.7;13.4;33.1
22.9;14;36.9
14.3;10.4;24.8
24.5;16.9;41.4
16;14.4;30.5
9.9;12.7;22.7
5.5;9.6;15.1
3.4;6;9.4
5.5;8.2;13.7
4.5;6.3;10.9
5.3;11.2;16.5
7.2;14.5;21.7
8;18.8;26.8
13.3;23.6;36.9
4.3;11.3;15.5
2.6;8.4;11
2.9;9.9;12.7
2.8;8.4;11.2
8.1;13;21.2
2.1;5.4;7.5
1.7;1.8;3.5
1.4;2;3.4
1;2.8;3.8
5.5;8.9;14.4
7.9;12.9;20.7
24.5;18.6;43.1
30.1;20.1;50.2
26.5;20;46.5
13.8;16.3;30
7.6;8.7;16.3
5.9;5.5;11.4
6.4;6.6;12.9
6.2;5.2;11.4
7.5;6;13.5
6.9;6.9;13.9
8.9;8.4;17.2
9.3;9.7;18.9
11.6;11.8;23.4
13.6;15;28.6
7.8;7;14.8
5.1;9.1;14.1
22.4;18.1;40.5
24.1;14.9;39
22.6;15.1;37.7
19.9;15.9;35.8
27;15;42
25;14.2;39.2
33.8;15.6;49.4
53.2;17.2;70.4
99.3;20.8;120.1
86.7;31.9;118.6
38.1;38.6;76.7
11.4;12.8;24.3
9.6;10.9;20.5
4.6;6.7;11.3
2.7;3;5.7
3.3;6.4;9.6
4.2;9.1;13.3
3.2;7.6;10.8
2.9;5.5;8.4
3.4;10.2;13.6
2.6;15.9;18.5
2.1;13;15.1
2.1;12.9;15
1.6;15;16.5
2.5;18.9;21.4
1.8;15.9;17.7
1.6;11.8;13.3
1.1;8;9.1
2.5;9.1;11.6
1.2;4.9;6.1
2.4;13.3;15.7
6.9;19;25.9
29.2;23.6;52.8
21.7;20.6;42.3
8.3;11.6;19.9
5.7;9.7;15.5
4.2;7.8;12
2;4.4;6.3
2;6.2;8.2
2.3;6.9;9.1
3.4;6.6;10
2.8;4.4;7.2
2.2;5.7;7.9
2.1;8.4;10.6
2.4;14.4;16.7
2.9;16.9;19.7
3.1;14.5;17.7
2.5;13.5;16
2;14.2;16.2
1.7;6.8;8.5
4;20.3;24.3
1.6;8.3;9.8
1.8;5.8;7.6
1.6;7.5;9.1
3;8.8;11.8
1.7;6.1;7.8
2.8;8.5;11.3
7.7;10.7;18.4
5.6;8;13.6
1.7;1.9;3.5
1.4;0.1;1.5
1.6;0.2;1.8
1.4;0.1;1.5
1.7;0.1;1.8
1.6;0.4;2
1.7;0.5;2.2
2.3;3.2;5.5
1.1;2;3.2
1.3;6.6;7.9
1.3;7.8;9.1
1.2;9.7;10.9
2;9.8;11.9
1.5;10;11.5
1.5;4.7;6.2
1.1;1.8;2.9
2.8;4.6;7.5
1.2;3.4;4.7
1.5;2.4;3.9
5.4;9.4;14.8
22.3;22;44.3
38.1;24.4;62.5
12.8;12.7;25.5
5.3;4.9;10.1
5.3;4.7;10
4.9;4.4;9.3
5.4;7.9;13.3
NA;NA;NA
NA;NA;NA
4.6;6.6;11.3
4.7;7.4;12.1
4.5;6.8;11.3
6.6;12.2;18.8
12.9;19.5;32.4
6.1;16.7;22.8
2.4;9.1;11.5
3.2;12.2;15.4
1.7;5.4;7.1
2.9;9;11.9
1.9;10;11.9
1.4;3.3;4.7
1.7;7.4;9.1
3.3;14.2;17.5
5.3;16.3;21.6
28.4;29.9;58.3
26.6;27.5;54.1
29;28.3;57.3
10.9;13.4;24.3
5.7;6.6;12.2
5.9;5.1;11
4.9;4.4;9.3
5.2;4.3;9.5
4.7;4.1;8.8
5.2;4.6;9.8
6.3;6.2;12.5
6.3;7;13.3
6.4;11;17.4
7.2;16;23.2
4.7;14.6;19.3
3.6;12.6;16.1
3.8;14.1;17.8
2.7;9.6;12.3
2.3;10.6;12.9
2.9;14.2;17.1
2;12.3;14.3
2.8;14.6;17.4
5.5;11.7;17.2
11.1;13.1;24.2
74.1;23.1;97.2
86.9;26.3;113.1
68.1;29.6;97.7
40.6;30.3;70.9
43.9;40.7;84.6
11.7;18.2;29.9
8.3;11.8;20.1
5.6;8;13.6
9.7;17.7;27.4
6.6;17.8;24.3
4.5;17.2;21.7
7;21.4;28.4
6.5;23.6;30.1
8.1;24.2;32.3
12.2;28.4;40.6
35.9;31.3;67.2
36.1;31.5;67.6
40;29.7;69.7
21.1;28.6;49.7
30.5;28.1;58.6
29.9;26.4;56.3
26.5;22.9;49.4
33.8;20.9;54.7
40.2;23.7;63.9
83.7;26.2;109.9
113.9;29.8;143.7
78.4;31.6;110
41;29.9;70.9
15.9;22.6;38.4
10;14.2;24.3
7.2;9;16.2
6.8;6.8;13.6
5;7.1;12.1
5.2;10.2;15.5
6.8;18.9;25.7
6.8;21.1;28
7;20.3;27.3
6.7;17;23.8
3.3;19.3;22.6
12.9;26.2;39.1
5.6;19.7;25.4
13.6;25.9;39.5
2.1;10.4;12.5
3.5;12.6;16
2;14;16
1.5;5.6;7.1
0.8;1.3;2.1
1.1;2.8;3.9
4.6;11.4;15.9
7.2;13.8;21
6.7;13.2;19.9
10.3;15.2;25.5
15.5;14.6;30.1
13.9;12.6;26.4
9.4;12.3;21.8
4.3;5.8;10.2
3.7;2.2;5.9
3.3;2.3;5.6
3.3;2.1;5.4
3;1.6;4.7
2.7;3.1;5.7
5.4;8.2;13.5
4.6;12.7;17.2
4;11.7;15.7
9.5;17.2;26.7
23;20.5;43.4
19;17.4;36.4
7.5;13.1;20.5
4.8;7.4;12.2
4.7;8.8;13.5
4;6.7;10.8
6.3;8.8;15.1
21.3;13.4;34.7
24.9;13.1;37.9
37.3;16.4;53.7
27.1;13.6;40.7
15.6;14.5;30.2
13.6;16.8;30.4
9.9;13.8;23.7
11.3;12.3;23.6
11.4;13.7;25.1
7.9;13.3;21.2
6.1;6.8;12.9
3.6;3.8;7.4
3.5;7.4;10.9
5.1;11.5;16.7
13.2;23.8;37
18.7;21.9;40.6
32.1;23.1;55.2
6.8;13.1;19.9
19.7;20.9;40.6
6.4;14.5;20.9
21.5;19.3;40.9
3.9;8.1;12
0.9;2.4;3.3
1.7;8.5;10.2
1.7;7.8;9.5
13;14.3;27.3
11.8;15.1;26.9
10.2;14.7;24.8
7.1;9.8;16.9
5.2;5.6;10.8
5.7;5.3;11
3.4;1.4;4.8
5.1;3.6;8.7
3.8;4;7.8
3.1;3.1;6.2
1.5;1.8;3.4
1.8;1.8;3.6
1.8;3.7;5.6
3.3;7.5;10.9
8;17;25
12.3;16.5;28.8
22.4;16.9;39.3
5.2;10.6;15.8
6.6;13.8;20.4
13.5;13.4;27
4.9;8.3;13.2
3.2;8.1;11.3
10;10;20
32.3;14.9;47.2
48.4;17.6;66
30.6;16.1;46.7
19.1;15.1;34.2
NA;NA;NA
9.3;8.9;18.2
NA;NA;NA
NA;NA;NA
12.1;8.2;20.3
12.8;9.6;22.4
14.3;9.5;23.7
10.5;7.7;18.2
13.9;12.8;26.8
14.2;15.1;29.3
8.8;9.3;18.1
9.8;12.9;22.7
8.5;9.7;18.1
7.4;12.1;19.4
6.8;9.1;15.9
7.6;6.8;14.4
7.9;8;15.8
6.7;7.5;14.1
5.8;7.1;12.9
7.5;7.7;15.2
11.3;12.2;23.5
20.7;19.2;39.9
26.6;19.9;46.6
20.9;14.9;35.8
16.9;10.5;27.4
15.2;8.9;24.1
12.5;6.4;18.9
14.2;8;22.3
13.3;8.4;21.7
12.1;6.3;18.5
11.7;5.7;17.5
19.5;11.8;31.3
12.6;12.4;25
10.4;14.2;24.6
7.9;12;20
9.7;8.5;18.2
10.5;9.8;20.3
9;6.8;15.7
6.1;7;13.1
7.4;13.1;20.5
5.6;4.5;10.1
5.4;3.4;8.8
6.4;8.1;14.5
13.2;13.9;27.1
26.6;21.5;48.1
66.5;28;94.5
53.8;29;82.8
20.5;16.6;37.1
13.1;8.8;21.8
11.4;7;18.4
11.9;7.8;19.6
9.8;6.9;16.7
11;8.7;19.7
15;12.9;28
10.5;10.4;21
13.1;12.2;25.3
11.5;14;25.5
12.6;19.6;32.2
15.8;23.4;39.2
12.1;17;29.1
12.5;21.7;34.3
10.8;20;30.8
7.9;12;19.9
6.3;9.8;16.1
6;8.6;14.7
6;7.5;13.5
6.3;5.2;11.5
10.5;10.3;20.8
20.7;19.5;40.2
31.1;20.5;51.6
44.2;20.9;65.2
25.3;16.9;42.1
14.3;9.5;23.8
14.4;7.8;22.3
12.8;7.1;19.9
11.9;6.3;18.3
11.9;6;17.9
12.7;7.2;19.8
11.6;7;18.5
11.8;8.5;20.3
11.4;10.6;22.1
10.5;14.8;25.3
13;21.4;34.4
10.8;16.8;27.6
20.3;21.2;41.4
9.7;9.8;19.5
13.6;16.8;30.3
6.1;5.6;11.7
5.7;3.5;9.2
11.1;10.6;21.7
14.2;16.6;30.7
13.5;13.9;27.3
73.5;20.9;94.3
64.9;21.8;86.6
73.7;24.3;98
68.3;26.5;94.8
17.1;13.6;30.7
14.8;10.1;24.9
15.7;12.6;28.3
10.5;5;15.5
15.1;8.8;23.9
12.4;9.5;22
14.5;11.9;26.4
12.4;15.2;27.7
12.1;18.1;30.3
12.2;19.5;31.7
19.6;29.1;48.6
8.4;12.7;21.1
7.7;9.9;17.6
6.7;8.9;15.6
6;4.5;10.5
7.7;6.5;14.2
5.8;1.6;7.4
5.8;2.8;8.6
5.7;3.5;9.1
7;7.1;14.1
10.1;13.7;23.8
20.4;20;40.4
10;11.6;21.6
13;11.4;24.4
10.4;9.2;19.6
11.5;8;19.4
11.2;5.8;17
8.8;3.4;12.1
10.7;3.8;14.6
8.9;2.9;11.8
8.1;2.8;11
8.5;3.4;12
8.5;4.6;13.1
8.2;7.6;15.8
11;12.9;23.9
16.1;18;34.1
10.9;13.3;24.1
12.6;14.7;27.3
10.4;12.9;23.3
6.7;7.9;14.6
9.2;9.3;18.4
9.8;9.8;19.6
11;10.2;21.2
6.9;7;13.9
12.6;9.8;22.4
16.8;10.9;27.7
11.2;5;16.2
9.9;4.4;14.3
8.8;4.8;13.6
8.4;4.3;12.7
7.5;1.7;9.2
6.9;1.8;8.7
7.9;1.8;9.7
6.3;1.2;7.5
8.2;3.2;11.4
7.6;3;10.6
6.7;4.4;11.1
8.3;10;18.4
8.9;7.9;16.8
8.3;10.6;19
11.1;14.1;25.2
9.6;12.3;21.9
7.7;9.6;17.3
11.3;12;23.3
7.2;9.9;17.1
8.3;12.3;20.7
15.6;13.8;29.3
27.5;14.9;42.4
45.4;17.4;62.9
78.8;20.2;99
69.1;20.5;89.6
38.5;22.9;61.4
27.7;21;48.7
17.3;22.9;40.3
NA;NA;NA
NA;NA;NA
6.6;8.9;15.5
4.5;7.8;12.2
5.2;12.1;17.3
5.2;12.9;18
5.7;17;22.6
5.3;21.6;26.9
4.3;19.6;23.9
4.1;24.4;28.6
2.8;18.1;20.9
6.3;22.3;28.6
5.6;21.7;27.3
5.8;17.8;23.6
0.3;5.9;6.2
0.5;7;7.5
1.4;9.3;10.7
1.9;10.5;12.4
6.2;18.4;24.6
22.8;24.2;47
46;27.2;73.2
29.8;22.7;52.5
16.6;18.4;35
6.3;12.2;18.5
3.7;11.2;14.9
7.9;20.3;28.2
7.8;22.3;30.1
6.7;18.8;25.4
5.5;19;24.5
8.2;21.3;29.5
5.9;24.6;30.5
6.6;27.6;34.1
18.3;37.2;55.6
22.8;34.4;57.2
28.6;37.5;66.1
19;32.3;51.3
17.8;27.6;45.3
31.2;29.6;60.8
20;28.3;48.4
23.7;30.1;53.8
30.1;30.4;60.5
10.9;25;35.9
30.1;25;55.1
56.5;26.4;82.9
58.3;32;90.3
62.8;37.6;100.4
34.8;37.5;72.3
18.5;26.4;44.9
7.7;17;24.7
3;6.4;9.5
2.8;9.2;12
4.9;18.8;23.7
5.3;16.1;21.4
5.8;16.2;21.9
5.6;23.9;29.5
10.1;28.7;38.9
6.2;26.6;32.7
13.7;37.1;50.9
24.8;40.1;64.9
37.6;41.2;78.7
20.3;40.2;60.5
11;33.6;44.6
10.5;25.2;35.7
9.7;20.9;30.6
16.4;27;43.5
19;23.4;42.5
68.9;27.1;96
118;32.6;150.6
97.2;42.2;139.3
28.3;29.3;57.7
16.7;29.3;46
7.5;21.1;28.6
4.5;9.9;14.4
5.7;14.1;19.8
6.8;23.7;30.5
9;17.1;26.1
5.6;20;25.5
6.3;23.7;30
8.9;28.6;37.5
9.5;28.3;37.8
9.3;27.8;37.1
5.2;21.6;26.8
3.7;19.2;22.9
7.7;23.7;31.3
15.6;29.4;45.1
22.1;28.1;50.2
12.1;25.4;37.4
1.7;22.1;23.8
3.8;24;27.8
30.1;28.3;58.4
45.1;26.7;71.7
70.8;30;100.8
36.9;27.7;64.6
29.3;31;60.4
13.9;20.1;34
9.8;16.3;26.1
9;11;20
6.8;9.4;16.2
10.9;11.7;22.7
7.6;9.9;17.5
8.3;11.4;19.7
10.3;11.6;21.9
9.6;12.3;21.9
9.4;24;33.5
14.5;29.2;43.7
6;17.9;23.9
13.6;21.2;34.7
8.4;20.4;28.8
16.1;17.5;33.6
1.2;7.4;8.6
0.7;3.6;4.3
3.9;7.4;11.3
4.3;7.4;11.7
1.8;7.6;9.4
4.4;9.5;14
10.4;11.5;21.8
7.6;6.5;14.1
7.6;5.3;13
6.2;4.8;11
6.2;4.7;10.9
5.6;5;10.6
6;5;11
5.2;3.7;9
4.2;3.1;7.3
4.6;4.1;8.7
5;4.3;9.3
4.4;5;9.4
3.5;6;9.5
3.8;7.4;11.1
2.2;5.2;7.3
2.4;6.5;8.9
3.1;7.6;10.7
1.3;4.7;5.9
0.4;2.9;3.3
1.5;5;6.5
0.4;3.5;3.8
0.2;1.8;2
0.7;2.3;2.9
1.2;5.2;6.4
11.6;9.5;21.1
3.6;3.7;7.2
2.1;2;4.1
1.1;0.9;2.1
0.9;1.1;2
1.3;1.4;2.7
2.2;2.1;4.3
2.7;3.2;5.9
4.6;4.2;8.8
5.5;5.5;10.9
3;5.4;8.4
2.7;4.9;7.7
3;5.7;8.8
3.2;9;12.3
3.4;10;13.5
1.9;8.5;10.4
6.1;11.4;17.5
1.9;8.1;10
0.9;4.3;5.1
2.4;3.1;5.6
1.7;2.7;4.4
3;3.7;6.7
2.1;5.5;7.7
2.6;9.8;12.4
8;17;25
13;19.2;32.2
10;13.1;23.1
6.4;6.6;13
9.3;9.4;18.8
7.6;7.9;15.5
5.8;5.5;11.3
10.1;9.7;19.8
9.3;9.4;18.8
9.3;9;18.3
8.5;9.8;18.4
12;14.6;26.6
8.7;14.4;23
8.6;17.4;26
11.3;20.2;31.5
15.1;19.3;34.5
3.9;11.7;15.6
2.3;11.6;13.9
6;14.9;20.9
2.6;15;17.6
4;15.7;19.7
3.8;17;20.8
11.2;16.7;27.9
21.4;14.4;35.8
32.8;15.7;48.6
31.4;16.6;48
20.3;12.5;32.8
18.5;13.4;32
19.1;16.9;36
17.1;15.7;32.8
10.2;13;23.1
NA;NA;NA
13.4;10.3;23.2
19.8;13.4;33.2
16.3;8.7;25
15.8;14;29.8
17.1;13.2;30.2
6.3;8.4;14.8
12.4;13.2;25.6
18.3;14.2;32.5
10.1;12.1;22.1
5.3;10.6;15.9
11.1;13.6;24.7
10.7;15;25.7
21.5;15.8;37.3
13.1;13.1;26.2
52.4;17.4;69.8
73.5;20.8;94.4
85.7;22.8;108.5
62.3;24.3;86.6
40.4;28.7;69
11.6;11.2;22.8
8.4;6.1;14.5
7.7;4.4;12.1
10.8;6.4;17.2
13.8;8.8;22.6
13.9;8.1;21.9
11.5;7.2;18.7
11.7;7.2;18.9
13.6;10.4;24
18.5;14.4;32.9
8.3;11.3;19.6
6.4;9.4;15.8
4.1;4.9;9
3.3;4.9;8.2
5.1;7.2;12.3
3.5;7.7;11.1
1.3;0.4;1.7
1.5;0;1.3
1.4;1.6;3
15.7;12.3;28
20.3;14.7;35
42;16.7;58.7
33.9;19.8;53.7
20.1;13.8;33.9
9.9;4.6;14.5
8;1;9
7.6;2.8;10.4
10.1;3.8;13.9
13.1;4.7;17.8
7.5;1.2;8.8
8.4;1.7;10.1
8.6;3.7;12.4
9.6;6.1;15.7
9.2;9.2;18.3
11;12.1;23.1
11.1;11.9;23
5.8;7.7;13.5
5.4;7.5;12.9
5;6.6;11.6
NA;NA;NA
NA;NA;NA
NA;NA;NA
NA;NA;NA
4.3;4.1;8.4
27.5;14.4;41.9
55.4;18.9;74.3
23.3;9;32.3
9.8;3.7;13.4
9;2.4;11.5
8.7;2.9;11.6
9;3.4;12.3
7.9;3.4;11.3
11.9;5.7;17.5
8.6;3;11.6
7.5;3.9;11.4
12.5;7.9;20.4
12.3;6.9;19.1
11.1;8.7;19.8
12.9;12.9;25.8
5.9;11.4;17.3
10.9;14.1;25
7;11.4;18.4
5.5;6.3;11.8
7.8;7.7;15.4
4.5;2.6;7.1
4.3;7.5;11.8
7.4;13.5;20.9
12.7;15.7;28.5
11.1;15.2;26.3
16.7;12.4;29.2
6.7;5;11.7
5.9;2.9;8.8
7.1;3.3;10.4
5.8;2.2;8
6;2.5;8.5
8.7;4.3;13
7.2;3.2;10.3
6.9;2.9;9.8
7.5;3.3;10.8
5.7;3.3;9
7.9;4.9;12.8
6.6;8.8;15.4
8.5;12.6;21.1
12.1;15.7;27.8
11.6;13.7;25.3
11.2;9.5;20.7
2;3.6;5.7
2.8;4.4;7.2
18.4;16;34.4
12;13.2;25.1
10.9;12.6;23.5
4.3;7.7;12
8.8;10.4;19.2
24.3;12.1;36.5
14.7;11;25.7
7.2;6;13.1
4.5;1.2;5.8
5.1;0;5.1
NA;NA;NA
NA;NA;NA
4.1;0.5;4.5
3.3;0.2;3.5
3.7;1;4.7
4.9;1.1;6
3.7;0.8;4.5
2.7;4;6.6
2.2;1.5;3.7
2.1;0.6;2.7
NA;NA;NA
2.1;1.4;3.5
2.2;1.1;3.4
1.6;1.3;2.8
2.7;5.3;8
1.8;5.2;7
1.9;5;6.9
4.9;10;14.9
8.2;8.4;16.6
34.4;12.8;47.2
20.7;9.3;29.9
3.9;0.3;4.2
NA;NA;NA
NA;NA;NA
NA;NA;NA
NA;NA;NA
NA;NA;NA
NA;NA;NA
NA;NA;NA
NA;NA;NA
NA;NA;NA
3.2;0.9;4.1
3.5;1.4;4.9
10.7;8.4;19.1
6.2;5.9;12.1
3.8;5.2;9
1.6;1.4;3
1.4;1.6;3
1.6;3.8;5.5
6.3;6.2;12.5
3.1;4.2;7.3
24.3;7.6;31.8
43.1;10.2;53.4
41.5;10.9;52.4
16.5;6.3;22.8
12.6;3.3;15.8
9.5;2.2;11.7
9.7;1.7;11.4
9.2;1.8;11
9;1.4;10.4
7.9;1;9
8.3;1.6;10
11.4;4.3;15.7
15;5;20
10.2;3.1;13.3
12.2;6.6;18.8
7;2.9;9.9
4.3;0.5;4.8
8.4;6.5;15
4.3;1.1;5.3
3.5;3.1;6.6
2.9;1.8;4.6
NA;NA;NA
NA;NA;NA
3.5;1.3;4.7
5.6;1.3;6.9
16.8;6.6;23.3
25.6;7.7;33.3
17.7;5.2;22.9
12.4;3.5;15.9
11.1;1.7;12.8
9.6;0.7;10.3
10;0.9;10.9
8.4;0;8.1
9.2;0.8;10
10.9;1.7;12.6
9.4;1.1;10.4
10.1;1.9;12
10.2;4.2;14.4
11.2;6.8;18.1
43.6;14.6;58.3
58;13.3;71.3
48;12.9;60.9
79.7;14.8;94.5
41.9;11.8;53.8
33.4;10.3;43.7
15.3;7.9;23.2
16.9;8.5;25.4
13.8;7.2;21
16.9;8.5;25.4
30.5;12.2;42.7
26;11.4;37.4
25.3;11.8;37.1
39.2;14.3;53.5
36.9;14.7;51.6
18.4;11.4;29.8
23;15.4;38.4
13.4;11.7;25.1
22;18.9;40.9
23.1;19.2;42.3
19.6;22.2;41.8
22.2;19.2;41.4
31.2;25.2;56.5
6.9;15.4;22.3
8.7;15.8;24.4
19.8;19.4;39.2
24.3;19.7;44
25.4;20.7;46
10.2;18.7;28.8
31.2;20.2;51.3
18.7;17;35.7
3;9.7;12.7
11.7;15.4;27.1
10.1;14.8;24.9
39;13.5;52.5
48.1;10;58.1
45.3;15.6;60.9
21.6;11;32.6
16.4;12.2;28.6
11.6;8.1;19.7
7.7;3;10.8
11.8;5;16.8
8.4;6.4;14.8
11.2;13.8;25
8.7;10.8;19.5
9.3;14.6;23.9
16;21.9;37.9
13.9;24.8;38.7
32.8;18.3;51.2
20.2;14.4;34.6
21.2;15;36.2
19.7;13.4;33.2
26.1;13.7;39.8
35.2;14.8;50
41.7;17;58.7
19.9;12.1;32.1
11.2;10.9;22.1
32.1;13;45.1
48.5;12.4;60.9
63.2;15.2;78.4
49.8;17.9;67.7
32.5;17.9;50.4
40.6;24.1;64.6
21.9;23.1;45
19.1;19.1;38.2
25.2;23.3;48.5
18.1;15.7;33.8
4.8;11.4;16.3
4.8;11.4;16.2
5.9;21.4;27.2
16.6;27.6;44.2
26.1;25.5;51.6
25.5;17.3;42.7
34.4;20.4;54.7
27.6;16;43.6
19.8;14.9;34.7
22.5;14.9;37.5
16.8;13.7;30.5
15.8;13;28.8
9.6;10.5;20.1
5;7.5;12.5
3.7;7.8;11.5
19.4;9.4;28.8
30;8.8;38.8
26;8.4;34.4
21.2;11.9;33.1
13.2;11.3;24.4
8.7;7.1;15.7
9.8;6.4;16.2
7.2;5;12.2
5.4;7;12.3
3.4;4.5;7.9
3.2;1.8;5
3.8;3.5;7.3
3.8;6.2;10
5.4;11.7;17.1
5.7;14.8;20.4
7.8;15.8;23.5
3.8;11.3;15.2
6.1;13.5;19.6
15.9;18.3;34.2
