"Temp.Hab";"Temp.Ext"
11.8933;10.2807
11.8833;10.332
11.8547;10.3213
11.8493;10.3073
11.8553;10.3927
11.838;10.5267
11.8653;10.62
11.8967;10.6707
11.8933;10.77
11.8867;10.8433
11.9067;10.894
11.94;10.9167
11.9267;10.9133
11.92;10.8627
11.9033;10.7767
11.89;10.7933
11.8767;10.844
11.89;10.9053
11.8487;10.93
11.838;10.9633
11.85;10.94
11.838;10.836
11.826;10.668
11.8067;10.5867
11.7733;10.5767
11.7633;10.5313
11.7367;10.4533
11.7267;10.3227
11.6847;10.2433
11.686;10.2093
11.658;10.152
11.6387;10.1493
11.6233;10.136
11.62;10.128
11.6233;10.1493
11.6233;10.1567
11.65;10.246
11.748;10.4933
11.89;10.9173
12.0113;11.268
12.1273;11.6253
12.2493;11.9887
12.446;12.3453
12.6727;12.732
12.9413;13.098
13.2507;13.5493
13.5507;14.066
13.9167;14.5387
15.1893;14.9273
15.706;15.2093
15.814;15.542
16.3827;15.8073
16.4167;16.0647
16.4647;16.3113
16.5753;16.566
16.698;16.8107
16.7973;17.122
16.916;17.4013
16.97;17.5967
17.0593;17.7133
17.11;17.792
17.352;17.7367
17.6113;17.6733
17.7367;17.586
17.7447;17.416
17.5073;17.184
17.3927;16.9753
17.28;16.728
17.2067;16.518
17.1067;16.3367
17.0067;16.1513
16.8973;15.9613
16.7653;15.796
16.6873;15.6313
16.5627;15.4573
16.4667;15.3333
16.4027;15.1667
16.304;15.0233
16.1887;14.878
16.072;14.748
15.964;14.604
15.8567;14.462
15.726;14.2833
15.5813;14.0853
15.4713;13.92
15.344;13.792
15.2293;13.6633
15.1033;13.5367
15.0027;13.368
14.876;13.152
14.7;12.9273
14.5573;12.696
14.4067;12.4913
14.2767;12.3153
14.1207;12.1487
13.986;12.0067
13.876;11.8573
13.75;11.7293
13.6513;11.6067
13.5307;11.516
13.4267;11.4167
13.3333;11.3233
13.256;11.252
13.14;11.138
13.0473;11.0227
12.93;10.9367
12.8367;10.8247
12.708;10.714
12.61;10.6267
12.5013;10.548
12.3887;10.4533
12.2867;10.3627
12.1647;10.2433
12.0613;10.1113
11.9567;10.0053
11.862;9.9
11.74;9.82
11.6453;9.72267
11.5453;9.626
11.42;9.49333
11.32;9.38667
11.2247;9.30667
11.144;9.24267
11.0893;9.22333
11.076;9.27333
11.0787;9.37667
11.1067;9.53
11.1513;9.74333
11.2247;9.99467
11.3453;10.314
11.5087;10.6873
11.7213;11.106
11.9413;11.4973
12.1713;11.9467
12.4453;12.466
12.7287;12.974
13.046;13.498
13.37;14.0307
13.736;14.542
14.0913;15.0487
14.44;15.4927
14.7947;15.9693
15.1373;16.3547
15.462;16.5893
15.7833;16.8667
16.054;17.124
16.412;17.686
16.7027;17.7473
16.9967;17.9833
17.1533;18.2267
17.3093;18.4747
17.4413;18.7253
17.5967;18.9593
17.7107;19.1147
17.8047;19.3
17.9047;19.444
17.98;19.4587
18.0693;19.4053
18.1167;19.2973
18.1433;19.144
18.2793;19.3073
18.32;19.034
18.2767;18.6013
18.2467;18.2233
18.208;17.8393
18.1467;17.5413
18.1033;17.38
18.07;17.2087
18.0047;17.0447
17.93;16.8767
17.864;16.688
17.7987;16.4927
17.7333;16.28
17.6333;16.1027
17.5767;15.95
17.508;15.7533
17.43;15.58
17.3593;15.3973
17.24;15.2293
17.1727;15.0167
17.0833;14.8367
16.9953;14.6527
16.916;14.4827
16.8107;14.312
16.7087;14.1233
16.61;13.942
16.4973;13.7627
16.3847;13.618
16.2967;13.476
16.1993;13.34
16.1033;13.2133
16.0087;13.0907
15.9047;12.9607
15.8173;12.8107
15.714;12.69
15.6087;12.5407
15.5033;12.3867
15.4067;12.2447
15.2833;12.1133
15.1773;11.9807
15.0713;11.8607
14.9933;11.718
14.9233;11.59
14.8233;11.4713
14.7227;11.3627
14.6273;11.2193
14.5613;11.106
14.4613;11.016
14.3693;10.9633
14.2567;10.886
14.1593;10.8067
14.0793;10.6967
13.9633;10.6067
13.8867;10.5633
13.778;10.4827
13.6727;10.4133
13.5933;10.348
13.5067;10.2773
13.444;10.238
13.38;10.216
13.3187;10.254
13.304;10.354
13.31;10.5533
13.3093;10.786
13.3473;11.0813
13.4087;11.4247
13.5307;11.8167
13.6907;12.2353
13.7927;12.5967
13.9793;12.9733
14.2473;13.422
14.5053;13.9173
14.7853;14.436
15.078;14.96
15.416;15.4513
15.7553;15.8667
16.056;16.2513
16.352;16.6393
16.6627;17.006
16.9353;17.328
17.2307;17.6527
17.4973;18.0187
17.746;18.398
17.994;18.768
18.1853;19.0667
18.3693;19.186
18.554;19.378
18.7393;19.642
18.8747;19.938
18.9827;20.0167
19.1233;20.154
19.2533;20.3333
19.3327;20.3873
19.376;20.3113
19.42;20.186
19.44;19.9567
19.492;19.7467
19.5;19.4633
19.504;19.2573
19.4733;19.042
19.48;18.8587
19.4367;18.62
19.3933;18.3827
19.314;18.166
19.2833;17.98
19.1993;17.8167
19.144;17.6247
19.08;17.3913
18.9687;17.2113
18.926;17.018
18.854;16.8673
18.76;16.7107
18.7267;16.5567
18.648;16.3973
18.57;16.242
18.4767;16.108
18.3827;16
18.348;15.8847
18.2567;15.7813
18.1887;15.6747
18.11;15.5433
18.0047;15.4007
17.9233;15.2513
17.8273;15.07
17.7433;14.9207
17.6387;14.7887
17.57;14.6607
17.488;14.4713
17.42;14.3293
17.3153;14.2067
17.2467;14.108
17.1547;13.9953
17.064;13.8813
16.9433;13.7087
16.88;13.5353
16.7827;13.3427
16.6893;13.2053
16.59;13.07
16.5193;12.952
16.4067;12.836
16.2967;12.712
16.1927;12.584
16.0833;12.4647
15.9947;12.34
15.9007;12.1733
15.78;12.0573
15.724;11.97
15.616;11.8767
15.5187;11.76
15.41;11.6507
15.2733;11.524
15.196;11.4447
15.09;11.3547
14.9807;11.27
14.9067;11.19
14.8393;11.1233
14.7933;11.1167
14.7467;11.1833
14.7367;11.3327
14.6927;11.5187
14.73;11.764
14.76;12.1273
14.8427;12.5267
14.992;12.9487
15.136;13.4147
15.3187;13.8907
15.552;14.312
15.7987;14.7493
16.0407;15.17
16.316;15.568
16.604;16.002
16.894;16.3973
17.196;16.828
17.4973;17.2213
17.7807;17.6093
18.0593;17.9693
18.3313;18.2487
18.4533;18.3767
18.5307;18.3233
18.714;18.3733
18.8793;18.658
19.026;18.8773
19.2033;19.1333
19.2467;19.194
19.2533;18.934
19.2967;18.784
19.356;18.6533
19.3833;18.574
19.43;18.5953
19.504;18.7773
19.536;18.8633
19.484;18.7627
19.5193;18.6293
19.5313;18.53
19.54;18.4587
19.528;18.352
19.464;18.2573
19.43;18.1253
19.4133;17.984
19.364;17.846
19.3133;17.7133
19.2633;17.5607
19.17;17.4433
19.1033;17.2827
19.04;17.1333
18.97;16.9807
18.8987;16.842
18.8133;16.7133
18.7533;16.578
18.664;16.4253
18.5733;16.238
18.5353;16.1093
18.45;15.972
18.3627;15.822
18.27;15.6853
18.1533;15.5353
18.0933;15.39
17.9987;15.248
17.8673;15.0767
17.8187;14.874
17.74;14.7447
17.65;14.6433
17.5593;14.5327
17.4673;14.3327
17.356;14.0913
17.2833;13.9453
17.196;13.7813
17.11;13.6193
17.0107;13.47
16.908;13.3513
16.808;13.2233
16.7087;13.056
16.59;12.91
16.4827;12.806
16.378;12.6933
16.2733;12.586
16.16;12.4353
16.0867;12.3167
15.9807;12.2313
15.88;12.1133
15.758;12.0053
15.672;11.8887
15.596;11.7887
15.5013;11.6793
15.3713;11.63
15.2873;11.5527
15.1633;11.454
15.0867;11.3867
14.9633;11.286
14.8993;11.202
14.8373;11.1133
14.7467;11.07
14.7267;11.1133
14.674;11.23
14.638;11.41
14.6133;11.6513
14.654;11.9873
14.7247;12.3907
14.8347;12.8353
14.982;13.328
15.1567;13.8167
15.376;14.322
15.6053;14.8433
15.878;15.344
16.1647;15.8113
16.4693;16.28
16.7853;16.7313
17.0887;17.2267
17.4153;17.7033
17.7593;18.1967
18.0533;18.6027
18.4087;18.934
18.678;19.2733
18.98;19.59
19.2273;19.9193
19.4727;20.218
19.6933;20.5507
19.9093;20.92
20.0947;21.2613
20.262;21.5413
20.4447;21.7827
20.5707;22.0053
20.66;22.1587
20.788;22.232
20.8453;22.2053
20.912;22.212
20.9813;22.1333
21.024;21.896
21.036;21.5947
21.052;21.22
21.06;20.896
21.028;20.5813
20.9867;20.2467
20.9627;19.9193
20.908;19.6307
20.8373;19.3953
20.768;19.1293
20.7093;18.8733
20.616;18.6447
20.5533;18.3707
20.4267;18.1453
20.352;17.914
20.2667;17.7
20.1387;17.4927
20.064;17.2827
19.97;17.1027
19.8553;16.8927
19.7833;16.6993
19.694;16.5067
19.56;16.294
19.4867;16.1053
19.3567;15.9767
19.2633;15.8047
19.1493;15.5867
18.976;15.362
18.8573;15.1233
18.7333;14.91
18.6133;14.732
18.498;14.5273
18.374;14.3653
18.22;14.1973
18.1133;14.01
17.9813;13.8113
17.8427;13.6393
17.7433;13.4513
17.6047;13.2973
17.474;13.1373
17.384;12.96
17.2447;12.7933
17.1067;12.6253
17.0053;12.4687
16.9;12.3513
16.7627;12.2527
16.6327;12.1333
16.494;12.042
16.3633;11.96
16.2733;11.85
16.17;11.74
16.0793;11.636
15.974;11.5153
15.872;11.4287
15.7453;11.324
15.684;11.242
15.582;11.0633
15.4687;10.8673
15.3407;10.7287
15.2373;10.6333
15.1607;10.6433
15.11;10.696
15.0273;10.8647
15;11.0873
14.9767;11.43
15.004;11.8627
15.0787;12.3153
15.1827;12.7853
15.3333;13.2667
15.4987;13.7567
15.6973;14.312
15.9273;14.8027
16.1867;15.3267
16.4687;15.8347
16.796;16.3433
17.2453;16.8607
17.6933;17.3333
18.106;17.8073
18.4793;18.232
18.8673;18.67
19.2593;19.1053
19.608;19.4993
19.9887;19.9227
20.316;20.38
20.6107;20.8053
20.8613;21.1907
21.0987;21.564
21.2853;21.9093
21.4707;22.2493
21.6053;22.596
21.7813;22.9147
21.888;23.048
21.996;23.176
22.088;23.256
22.1587;23.1787
22.208;23.0067
22.228;22.832
22.244;22.588
22.26;22.22
22.232;21.7907
22.2053;21.468
22.164;21.1187
22.092;20.828
22.0253;20.5747
21.956;20.3393
21.864;20.1373
21.7613;19.9153
21.6627;19.6753
21.5773;19.4427
21.4627;19.1967
21.3813;18.984
21.2933;18.76
21.192;18.5293
21.1;18.306
21;18.09
20.888;17.8693
20.8147;17.66
20.6933;17.4333
20.6093;17.248
20.504;17.066
20.3693;16.888
20.246;16.7307
20.138;16.5673
20.0253;16.3973
19.8807;16.1967
19.7833;16.0127
19.6213;15.836
19.5153;15.666
19.4067;15.4927
19.2733;15.3547
19.1707;15.2013
19.0287;15.0387
18.9067;14.88
18.8007;14.7313
18.686;14.5607
18.56;14.358
18.464;14.1847
18.348;14.0347
18.2227;13.91
18.1133;13.7967
17.9967;13.6407
17.8453;13.5033
17.7467;13.3907
17.6353;13.2767
17.504;13.1447
17.41;13.0093
17.3007;12.8993
17.188;12.7953
17.0673;12.6793
16.9367;12.5767
16.8233;12.4733
16.7093;12.382
16.5627;12.256
16.4333;12.1433
16.3287;12.076
16.28;11.9933
16.1873;11.96
16.11;11.9667
16.0867;12.052
16.06;12.1593
16.016;12.408
16.04;12.8507
16.0727;13.236
16.174;13.7007
16.2767;14.1867
16.4527;14.7087
16.63;15.2087
16.8487;15.7507
17.0813;16.276
17.3453;16.7673
17.5693;17.316
17.8407;17.756
18.1027;18.1367
18.3733;18.4673
18.682;18.8313
18.9627;19.212
19.274;19.5607
19.49;19.894
19.756;20.1793
19.978;20.4413
20.1287;20.62
20.334;20.824
20.472;21.0227
20.608;21.2227
20.7587;21.4627
20.84;21.656
20.9293;21.832
21.056;21.9693
21.1307;22.0213
21.168;22.0027
21.192;21.904
21.2387;21.8493
21.264;21.6547
21.26;21.3973
21.2467;21.0667
21.2173;20.7693
21.1387;20.4487
21.0253;20.1433
20.9547;19.852
20.8533;19.588
20.724;19.3907
20.636;19.1973
20.524;18.9413
20.3853;18.732
20.2493;18.5253
20.0873;18.2847
19.924;18.1053
19.81;17.8773
19.6687;17.678
19.4933;17.5213
19.3733;17.3213
19.2453;17.1453
19.0827;16.9813
18.9553;16.828
18.8253;16.6707
18.7233;16.5413
18.5967;16.3867
18.434;16.2407
18.3187;16.0807
18.1707;15.9347
18.028;15.7887
17.8967;15.6247
17.7593;15.454
17.598;15.316
17.5007;15.1733
17.374;15.0313
17.2093;14.886
17.1167;14.7507
16.9887;14.6427
16.818;14.4607
16.726;14.3293
16.604;14.2333
16.4513;14.0773
16.308;13.938
16.2107;13.8033
16.064;13.7047
15.9367;13.5913
15.81;13.4893
15.706;13.358
15.596;13.2533
15.488;13.1967
15.4167;13.122
15.2933;13.0467
15.1607;12.9573
15.0653;12.858
14.96;12.7767
14.88;12.684
14.78;12.6267
14.666;12.5393
14.586;12.438
14.4713;12.354
14.4347;12.31
14.3713;12.29
14.38;12.366
14.3593;12.4867
14.3833;12.6813
14.424;12.9033
14.5073;13.256
14.6247;13.6387
14.798;14.0593
15.004;14.532
15.248;15.0313
15.5233;15.524
15.8653;16.0493
16.1953;16.5493
16.5227;17.024
16.8713;17.452
17.2167;17.874
17.548;18.256
17.8833;18.712
18.2447;19.1333
18.604;19.482
18.8893;19.7773
19.1953;20.1333
19.4227;20.436
19.6747;20.7227
19.8953;21.0653
20.0687;21.3573
20.2413;21.5947
20.4667;21.8453
20.664;22.2013
21.0147;22.4387
21.4267;22.6973
21.6893;22.9133
21.7493;23.076
21.732;23.1
21.744;23.056
21.772;22.9693
21.8227;22.796
21.948;22.568
21.9813;22.2493
22;21.904
21.9893;21.572
21.976;21.24
21.952;20.9773
21.8693;20.696
21.8267;20.4373
21.7587;20.2153
21.704;20.0133
21.6187;19.7807
21.556;19.5553
21.452;19.3647
21.3813;19.1393
21.2933;18.8913
21.192;18.7073
21.1213;18.496
21.036;18.278
20.9507;18.0987
20.864;17.9373
20.78;17.7713
20.696;17.5993
20.5973;17.4293
20.4927;17.206
20.362;16.944
20.2633;16.6713
20.1147;16.362
20.0207;16.106
19.9073;15.93
19.75;15.75
19.6067;15.5787
19.508;15.386
19.3933;15.176
19.28;15.0247
19.1327;14.8427
19.0127;14.6353
18.8953;14.4933
18.7567;14.3553
18.63;14.2007
18.5373;14.0567
18.3833;13.9173
18.27;13.7647
18.154;13.6273
18.0653;13.512
17.9347;13.3873
17.8307;13.27
17.72;13.1847
17.6353;13.0593
17.5153;12.9447
17.4233;12.8167
17.316;12.7333
17.1987;12.6947
17.0607;12.6133
16.96;12.582
16.818;12.5027
16.7213;12.352
16.6233;12.162
16.5513;12.0307
16.4167;11.9867
16.348;12.014
16.3167;12.0747
16.2733;12.216
16.2367;12.4213
16.2267;12.698
16.2293;13.08
16.3007;13.498
16.4033;13.9673
16.5413;14.4753
16.724;14.9893
16.9173;15.4187
17.1527;15.868
17.4147;16.3873
17.6987;16.9673
17.964;17.494
18.3093;18.066
18.6247;18.6827
18.936;19.208
19.2667;19.654
19.5187;20.0633
19.85;20.4687
20.12;20.848
20.4293;21.2573
20.668;21.6627
20.92;21.9707
21.1373;22.38
21.3227;22.8227
21.5627;23.1773
21.7493;23.5693
21.928;23.828
22.0813;24.0907
22.22;24.36
22.3053;24.58
22.4347;24.6467
22.5427;24.712
22.592;24.6587
22.684;24.508
22.7213;24.2373
22.784;23.8267
22.796;23.3893
22.7573;23.0053
22.744;22.7
22.6787;22.3987
22.672;22.1107
22.5813;21.848
22.544;21.556
22.464;21.2853
22.3867;20.972
22.3067;20.664
22.228;20.3993
22.1253;20.1467
22.0307;19.8973
21.9493;19.6527
21.848;19.4153
21.7493;19.186
21.656;18.9307
21.5293;18.6193
21.424;18.318
21.264;18.0187
21.132;17.7347
21;17.448
20.8613;17.1753
20.7493;16.9267
20.6053;16.66
20.4513;16.444
20.3407;16.182
20.2173;15.9493
20.0653;15.742
19.9633;15.5887
19.8393;15.454
19.74;15.3367
19.6113;15.24
19.4753;15.1193
19.3887;15.0067
19.29;14.8467
19.1533;14.7233
19.0653;14.6247
18.944;14.526
18.8133;14.42
18.74;14.3233
18.632;14.2333
18.524;14.0873
18.4267;13.8993
18.3153;13.7253
18.182;13.574
18.0667;13.4567
17.9667;13.348
17.856;13.25
17.7247;13.1513
17.59;13.042
17.5087;12.892
17.4167;12.7327
17.3013;12.6113
17.1773;12.4827
17.0753;12.38
16.9467;12.2667
16.8573;12.2767
16.7687;12.3833
16.7553;12.5627
16.7433;12.8427
16.7267;13.2287
16.7367;13.7113
16.8173;14.244
16.942;14.8547
17.0927;15.5147
17.306;16.2293
17.5433;17.0047
17.818;17.812
18.1313;18.6393
18.444;19.4273
18.8133;20.1127
19.174;20.7733
19.5407;21.4267
19.888;22.0747
20.2947;22.7133
20.652;23.348
21.0427;23.9427
21.444;24.4907
21.7333;25.0467
22.0453;25.5333
22.3733;26.024
22.6507;26.548
22.9147;27.076
23.1747;27.576
23.436;27.9827
23.6653;28.324
23.88;28.6653
24.0613;28.936
24.2493;29.128
24.4027;29.156
24.5267;29.124
24.6293;28.9947
24.7373;28.8427
24.8013;28.58
24.8747;28.192
24.912;27.7693
24.944;27.3813
24.944;26.9933
24.944;26.6387
24.896;26.3027
24.88;25.9133
24.8267;25.5333
24.7947;25.164
24.724;24.816
24.6507;24.4427
24.5893;24.0693
24.4973;23.716
24.4187;23.4213
24.3493;23.1293
24.2613;22.848
24.1493;22.5427
24.0387;22.2693
23.9307;21.9907
23.8213;21.7507
23.6973;21.4787
23.572;21.2187
23.4733;20.9587
23.364;20.688
23.2853;20.454
23.1627;20.2007
23.056;19.9473
22.9587;19.7567
22.8333;19.544
22.748;19.3247
22.6173;19.1187
22.5213;18.8967
22.38;18.666
22.2907;18.4427
22.1493;18.2553
22.056;18.0553
21.9253;17.8667
21.7973;17.6107
21.6453;17.4287
21.5373;17.2487
21.3987;17.0773
21.292;16.966
21.1627;16.88
21.056;16.7873
20.9547;16.632
20.852;16.5
20.7307;16.34
20.624;16.1653
20.4853;15.9867
20.388;15.8407
20.2633;15.7133
20.1227;15.564
19.9987;15.4713
19.9113;15.3867
19.7933;15.312
19.686;15.2467
19.59;15.1933
19.508;15.1793
19.44;15.19
19.36;15.284
19.34;15.4373
19.304;15.7033
19.28;16.026
19.328;16.3293
19.3827;16.6507
19.4907;17.1553
19.64;17.7287
19.7867;18.236
19.9727;18.7393
20.216;19.276
20.482;19.816
20.7227;20.376
20.9667;20.8707
21.196;21.3227
21.4693;21.8373
21.744;22.3187
22.0347;22.8173
22.3453;23.3653
22.62;23.9013
22.832;24.232
23.02;24.3547
23.184;24.204
23.3333;24.1747
23.436;24.164
23.54;24.068
23.584;23.9333
23.588;23.7027
23.64;23.464
23.692;23.3107
23.696;23.236
23.7187;23.1013
23.74;22.9627
23.7267;22.8653
23.74;22.7573
23.74;22.652
23.6947;22.536
23.672;22.3853
23.6;22.2547
23.564;22.1067
23.508;21.952
23.464;21.78
23.38;21.6507
23.332;21.5307
23.2667;21.3787
23.2;21.22
23.124;21.0013
23.052;20.8227
22.9587;20.6387
22.8747;20.4533
22.7987;20.2507
22.7067;20.028
22.616;19.8233
22.5373;19.6273
22.4133;19.452
22.3307;19.2647
22.244;19.09
22.1267;18.9027
22.036;18.6867
21.928;18.4707
21.8027;18.2487
21.688;18.0333
21.5467;17.778
21.4467;17.532
21.32;17.3247
21.1773;17.1193
21.0853;16.8487
20.9307;16.522
20.836;16.2933
20.7107;16.1753
20.576;16.0633
20.4273;15.9393
20.2947;15.7533
20.136;15.5247
19.9847;15.2333
19.8893;14.9847
19.7667;14.816
19.5967;14.7493
19.498;14.7033
19.3853;14.5767
19.2473;14.4067
19.12;14.3053
19;14.17
18.8587;14.0867
18.7853;14.0113
18.68;13.9533
18.54;13.7927
18.4647;13.5907
18.3447;13.506
18.236;13.4333
18.12;13.3493
17.9953;13.28
17.9227;13.2167
17.8213;13.144
17.7467;13.11
17.6487;13.1813
17.6033;13.322
17.542;13.4867
17.524;13.7147
17.5;14.024
17.5307;14.386
17.6;14.7747
17.7173;15.2407
17.8407;15.792
18.0387;16.3973
18.2347;16.9773
18.494;17.5573
18.752;18.0627
19.008;18.4133
19.2947;18.8693
19.5393;19.3433
19.8473;19.744
20.136;20.1767
20.426;20.668
20.7213;21.1733
21.0027;21.5867
21.2893;21.9347
21.544;22.2227
21.7827;22.5587
22.0213;22.7933
22.2307;23.1293
22.404;23.5333
22.584;23.748
22.756;23.9747
22.8733;24.0667
22.976;24.268
23.1213;24.3893
23.236;24.4107
23.2733;24.3307
23.328;24.1667
23.348;23.98
23.396;23.7227
23.392;23.3533
23.408;22.936
23.4;22.6347
23.416;22.384
23.388;22.1213
23.34;21.8907
23.3133;21.708
23.2733;21.54
23.208;21.312
23.1307;21.0707
23.072;20.8013
22.98;20.6013
22.9;20.4033
22.8213;20.204
22.728;20.0207
22.652;19.8407
22.56;19.656
22.464;19.4867
22.3907;19.328
22.2973;19.1467
22.2173;18.9867
22.132;18.7807
22.024;18.624
21.94;18.4393
21.84;18.2873
21.7373;18.188
21.612;18.0933
21.5293;18.0033
21.46;17.8933
21.368;17.766
21.2613;17.6287
21.1547;17.476
21.072;17.34
20.968;17.1853
20.892;17.0873
20.788;16.9593
20.7093;16.8247
20.5947;16.7273
20.5187;16.6353
20.4033;16.53
20.3407;16.488
20.2427;16.448
20.1407;16.46
20.0967;16.4407
20;16.4167
19.95;16.4407
19.8667;16.456
19.8267;16.4453
19.7433;16.4367
19.71;16.4367
19.6247;16.4267
19.5467;16.4167
19.524;16.4067
19.45;16.346
19.4;16.2573
19.3107;16.1847
19.2767;16.0907
19.2267;16.0633
19.1547;16.0207
19.1133;16.004
19.0667;16.0173
19.024;16.0567
18.9967;16.1827
18.9767;16.4513
18.9867;16.6127
19.016;16.72
19.0833;16.8947
19.1613;17.172
19.2327;17.4087
19.3373;17.6913
19.374;17.9693
19.5713;18.58
19.7633;19.8327
19.8493;20.028
20.028;20.796
20.1953;21.1053
20.2333;20.764
20.358;22.2307
20.6693;23.8293
20.8267;22.86
20.8187;22.5467
20.816;21.8333
20.896;21.884
20.988;22.208
21.024;21.8973
21.024;21.644
21.064;21.5107
21.064;21.3813
21.048;20.9853
20.9813;20.876
20.9893;20.984
20.8573;20.9933
20.7267;20.8787
20.632;20.6387
20.636;20.7
20.592;20.588
20.4247;20.548
20.42;20.3773
20.4167;20.35
20.684;20.2753
20.868;20.1933
20.916;20.0507
20.884;19.9133
20.892;19.7673
20.84;19.632
20.8227;19.4727
20.768;19.35
20.7373;19.272
20.652;19.1693
20.644;19.074
20.5853;18.978
20.536;18.89
20.504;18.8267
20.4433;18.7333
20.4033;18.6633
20.344;18.5787
20.25;18.48
20.2233;18.3827
20.168;18.2987
20.0973;18.206
20.0633;18.1727
19.9913;18.15
19.9533;18.132
19.93;18.088
19.8787;18.0567
19.8333;18.0433
19.8067;17.99
19.7433;17.934
19.684;17.7913
19.6167;17.6387
19.5267;17.5127
19.4733;17.39
19.41;17.2667
19.3333;17.142
19.2767;17.0247
19.196;16.922
19.11;16.796
19.0247;16.668
18.9313;16.5433
18.816;16.4213
18.77;16.3393
18.68;16.2887
18.5967;16.2333
18.532;16.1807
18.4733;16.14
18.4133;16.0867
18.338;16.0367
18.2633;16.0233
18.2467;16.01
18.2;15.9887
18.15;15.988
18.11;15.98
18.07;15.9853
18.044;15.996
18.004;16.0367
17.9967;16.0933
18;16.1553
18;16.258
18.024;16.4107
18.036;16.5633
18.082;16.7487
18.1347;16.9473
18.24;17.1387
18.3333;17.3593
18.4167;17.5647
18.5193;17.7567
18.734;18.058
18.8687;18.3627
19.028;18.638
19.2513;19.034
19.4873;19.43
19.7493;19.9153
20.0847;20.3907
20.3053;20.584
20.6067;21.064
20.7893;21.42
20.912;21.4547
21.112;21.5053
21.3547;21.7507
21.472;21.7933
21.5373;21.6413
21.6587;21.6547
21.78;21.7773
21.932;22.132
22.044;22.5307
22.06;22.3107
22.06;21.9613
22.0013;21.704
21.92;21.3747
21.9;21.0453
21.852;20.788
21.7827;20.6413
21.78;20.5987
21.8027;20.62
21.808;20.628
21.84;20.636
21.784;20.524
21.748;20.4107
21.716;20.254
21.6013;19.9887
21.532;19.8507
21.46;19.7167
21.44;19.578
21.34;19.3593
21.2733;19.0807
21.1813;18.82
21.1093;18.6133
21.004;18.4327
20.9507;18.2633
20.8667;18.1047
20.76;18.02
20.6747;18.0033
20.62;17.9187
20.5493;17.8213
20.454;17.6927
20.4067;17.584
20.3247;17.502
20.242;17.4207
20.13;17.3133
20.0947;17.2133
20.0027;17.1667
19.9527;17.1073
19.894;17.042
19.81;16.9413
19.7267;16.84
19.6913;16.7727
19.6167;16.72
19.524;16.69
19.45;16.656
19.41;16.624
19.36;16.6087
19.2833;16.5833
19.26;16.5433
19.192;16.5093
19.13;16.4447
19.0493;16.4067
18.9733;16.3667
18.9313;16.332
18.8587;16.2733
18.7827;16.23
18.7333;16.182
18.676;16.164
18.6033;16.1247
18.56;16.1
18.516;16.114
18.474;16.1033
18.4;16.08
18.3833;16.06
18.336;16.07
18.2967;16.1033
18.23;16.0967
18.23;16.1207
18.22;16.164
18.184;16.2333
18.1407;16.2967
18.162;16.3833
18.216;16.494
18.2533;16.65
18.29;16.774
18.372;16.962
18.42;17.1393
18.4967;17.3347
18.532;17.516
18.5567;17.594
18.5867;17.6633
18.61;17.6833
18.716;17.772
18.8067;18.0247
18.904;18.1573
19.032;18.4247
19.2513;18.7613
19.4553;19.098
19.7213;19.4907
19.9313;19.8553
20.1427;20.2013
20.3407;20.4607
20.576;20.7307
20.692;20.792
20.764;20.54
20.928;20.6293
21.052;20.888
21.1373;20.8853
21.184;20.648
21.216;20.46
21.18;20.2087
21.108;19.9327
21.02;19.6707
20.9707;19.3633
20.908;19.0593
20.8267;18.8267
20.7533;18.6347
20.688;18.426
20.616;18.254
20.5387;18.076
20.45;17.87
20.3747;17.6813
20.29;17.5147
20.174;17.38
20.1053;17.2433
20.0053;17.1467
19.9367;17.0207
19.8453;16.922
19.7567;16.8253
19.694;16.7133
19.5933;16.6587
19.5493;16.624
19.458;16.5467
19.39;16.484
19.344;16.4273
19.2633;16.39
19.2227;16.36
19.144;16.2847
19.0733;16.2567
19;16.23
18.9667;16.2267
18.914;16.2033
18.8293;16.1867
18.8053;16.172
18.7533;16.152
18.6673;16.144
18.652;16.124
18.6;16.1133
18.524;16.1167
18.492;16.1133
18.4667;16.124
18.4233;16.124
18.372;16.114
18.3207;16.1
18.2767;16.0933
18.24;16.0733
18.196;16.06
18.1333;16.04
18.0967;16.004
18.08;15.9693
18.032;15.8887
17.9767;15.8427
17.9367;15.7953
17.91;15.7567
17.856;15.71
17.8213;15.69
17.78;15.6473
17.7093;15.5867
17.66;15.5567
17.62;15.5093
17.5733;15.464
17.5667;15.46
17.516;15.4167
17.484;15.39
17.47;15.3567
17.4333;15.292
17.4133;15.296
17.4233;15.3733
17.4567;15.5787
17.5153;15.8973
17.6787;16.2447
17.8073;16.6067
18.0073;16.9927
18.216;17.356
18.424;17.6847
18.6787;18.02
18.8887;18.3393
19.06;18.5713
19.2273;18.732
19.4933;19.0907
19.816;19.556
20.0947;19.9407
20.3447;20.2227
20.584;20.4467
20.7747;20.636
21.0107;20.7467
21.156;20.8253
21.34;21.0053
21.504;21.116
21.5693;20.9947
21.584;20.728
21.632;20.5427
21.596;20.5133
21.612;20.3473
21.64;20.2953
21.676;20.2173
21.692;20.436
21.7293;20.612
21.716;20.668
21.7107;20.6813
21.7133;20.528
21.692;20.2887
21.62;20.094
21.5653;19.8853
21.508;19.706
21.456;19.5387
21.3933;19.41
21.2907;19.2647
21.192;19.0867
21.1187;18.87
20.9947;18.648
20.912;18.468
20.8147;18.2407
20.7133;18.038
20.5853;17.884
20.5007;17.7373
20.3853;17.614
20.3087;17.5047
20.212;17.4033
20.1173;17.228
20.0513;16.8447
19.938;16.4147
19.7767;16.0533
19.6473;15.804
19.49;15.5747
19.3593;15.3753
19.25;15.22
19.1407;15.07
19.0353;14.962
18.89;14.8967
18.824;14.8213
18.75;14.7733
18.68;14.7367
18.6;14.72
18.4907;14.68
18.43;14.648
18.352;14.5833
18.2533;14.516
18.1693;14.46
18.1033;14.3833
18.0247;14.3193
17.9367;14.23
17.828;14.148
17.7793;14.06
17.6907;13.9993
17.6;13.9233
17.516;13.87
17.4533;13.794
17.3633;13.7533
17.27;13.684
17.162;13.582
17.038;13.4973
16.97;13.402
16.8793;13.332
16.782;13.2833
16.7087;13.2467
16.6447;13.166
16.5667;13.0967
16.512;13.0867
16.4733;13.1407
16.3967;13.2267
16.3833;13.2467
16.328;13.2667
16.26;13.2233
16.2433;13.14
16.1627;13.0767
16.1267;13.0073
16.1;12.9133
16.0273;12.9
16.016;12.87
16.028;12.9107
16.1667;13.1967
16.2973;13.578
16.3207;13.788
16.3033;13.7393
16.448;13.7853
16.674;14.3047
16.918;14.892
17.1707;15.45
17.38;15.9427
17.634;16.4213
17.8813;16.9267
18.1073;17.3073
18.338;17.686
18.536;18.214
18.7487;18.7373
18.9327;19.1727
19.0947;19.5127
19.2633;20.2693
19.3653;20.6187
19.4827;20.3873
19.5667;20.432
19.65;20.5187
19.7267;20.6093
19.7733;20.5773
19.8033;20.4933
19.8267;20.2573
19.84;19.8833
19.84;19.5407
19.8467;19.3033
19.81;19.0593
19.7667;18.8367
19.7333;18.62
19.696;18.4007
19.62;18.208
19.56;18.0193
19.4767;17.8347
19.3773;17.6247
19.348;17.398
19.27;17.1853
19.1487;16.9713
19.0507;16.746
18.984;16.4927
18.904;16.2907
18.8153;16.1233
18.702;15.9613
18.6033;15.7913
18.5347;15.6093
18.43;15.4507
18.34;15.294
18.25;15.1387
18.138;14.94
18.032;14.7547
17.876;14.536
17.7667;14.344
17.6673;14.1407
17.58;13.9393
17.4707;13.754
17.3773;13.61
17.26;13.4547
17.1313;13.298
17.0287;13.144
16.918;12.9887
16.7953;12.8607
16.686;12.74
16.5793;12.6467
16.454;12.5767
16.326;12.536
16.2367;12.4613
16.1433;12.3653
16.0687;12.2387
15.9633;12.1067
15.868;12.0187
15.748;12
15.6767;11.9433
15.5827;11.8867
15.4933;11.832
15.4027;11.78
15.3253;11.7267
15.2433;11.68
15.152;11.6267
15.0867;11.6067
15.002;11.57
14.9533;11.5667
14.912;11.6033
14.9;11.7353
14.852;11.95
14.8407;12.16
14.884;12.4633
14.9433;12.8567
15.03;13.2833
15.1773;13.7313
15.3193;14.1733
15.508;14.6093
15.6467;14.9967
15.822;15.3567
15.95;15.5433
16.054;15.6273
16.1993;15.8133
16.364;16.0607
16.5433;16.348
16.796;16.7773
16.97;17.1807
17.0933;17.27
17.2347;17.42
17.3367;17.6047
17.6013;18.0387
17.812;18.696
18.0213;19.1007
18.188;19.2347
18.3727;19.5127
18.5213;19.796
18.6567;20.0527
18.842;20.5153
18.9547;21.5107
19.1607;21.6133
19.3193;21.4507
19.45;21.652
19.5627;21.828
19.6727;21.884
19.7667;21.8813
19.7933;21.608
19.858;21.1813
19.902;20.7813
19.886;20.392
19.874;20.0607
19.8433;19.7487
19.7933;19.4753
19.7667;19.244
19.7033;19.0333
19.664;18.7787
19.61;18.454
19.5187;18.1953
19.4567;18.054
19.4;17.884
19.2933;17.6987
19.25;17.5253
19.1487;17.3733
19.0633;17.1893
19.0027;17.0187
18.9287;16.852
18.836;16.678
18.7733;16.5393
18.72;16.3727
18.62;16.212
18.56;16.074
18.482;15.9373
18.3853;15.792
18.25;15.642
18.188;15.4753
18.0967;15.2933
18.024;15.1193
17.9333;15.0247
17.8287;14.892
17.7187;14.7613
17.6367;14.6733
17.556;14.574
17.4667;14.472
17.4067;14.3627
17.308;14.2433
17.236;14.0227
17.1333;13.9033
17.0653;13.8333
16.9533;13.6467
16.8787;13.5633
16.7867;13.476
16.7053;13.2987
16.61;13.1307
16.52;12.9493
16.4233;12.7887
16.3153;12.6573
16.2;12.5073
16.1367;12.38
16.0613;12.1733
15.9353;12.0967
15.824;12.0127
15.7667;11.8273
15.682;11.672
15.582;11.5767
15.496;11.478
15.4267;11.5293
15.332;11.7073
15.324;11.9473
15.32;12.284
15.3333;12.6873
15.4;13.154
15.4887;13.7127
15.6447;14.3293
15.8047;14.9513
15.9987;15.4507
16.248;16.0987
16.5073;16.7307
16.7867;17.72
17.0807;18.0107
17.3347;18.2693
17.586;18.6127
17.8793;19.0127
18.1987;19.4187
18.5267;19.858
18.818;20.3067
19.156;20.696
19.4693;21.3253
19.762;21.6733
20.0327;22.1613
20.3693;22.6547
20.6653;23.1973
20.9493;23.368
21.188;23.396
21.3947;23.476
21.568;23.544
21.7027;23.8867
21.864;24.004
21.9613;24.1507
22.1;24.204
22.204;24.22
22.2813;24.224
22.316;24.1653
22.38;23.94
22.4093;23.556
22.42;23.1413
22.404;22.7307
22.42;22.388
22.3813;22.0173
22.352;21.6853
22.2933;21.3613
22.24;21.1307
22.1587;20.904
22.092;20.6813
22.0227;20.438
21.9573;20.194
21.864;19.9367
21.7987;19.7247
21.6933;19.554
21.6;19.352
21.528;19.1613
21.416;18.9687
21.316;18.7773
21.22;18.5747
21.108;18.3633
21.0027;18.1553
20.9;17.9767
20.788;17.7673
20.6613;17.5687
20.56;17.36
20.4507;17.168
20.2973;16.994
20.2133;16.8193
20.102;16.666
19.9693;16.5073
19.882;16.358
19.8067;16.23
19.7033;16.098
19.6033;15.9673
19.494;15.8473
19.4067;15.7033
19.328;15.5327
19.2427;15.3507
19.1313;15.098
19.018;14.8613
18.8727;14.7233
18.75;14.6733
18.6607;14.5913
18.544;14.4647
18.46;14.3667
18.3587;14.226
18.2447;13.8707
18.1267;13.66
18.036;13.5933
17.9467;13.5993
17.8267;13.576
17.7333;13.45
17.6147;13.3687
17.4933;13.3167
17.4167;13.2633
17.3193;13.2133
17.2333;13.1967
17.1573;13.28
17.0767;13.4153
17.056;13.6187
17.0867;13.928
17.11;14.286
17.1507;14.7333
17.244;15.2407
17.3753;15.806
17.512;16.29
17.6973;16.8473
17.8407;17.2867
18.0993;17.684
18.3767;18.264
18.6707;18.7353
18.9833;19.178
19.2633;19.5693
19.5507;19.7947
19.8533;20.0907
20.154;20.4747
20.4287;20.7
20.704;20.904
20.932;21.1573
21.212;21.4787
21.4533;21.7867
21.6907;22.0733
21.896;22.144
22.0853;22.404
22.2667;22.5227
22.3973;22.632
22.5187;22.7653
22.592;22.9667
22.7227;23.0427
22.8093;23.0013
22.8893;23.008
22.952;22.932
22.9747;22.7413
23.0293;22.656
23.048;22.372
23.048;21.952
23.0147;21.62
23.004;21.3
22.9787;21.0307
22.928;20.7973
22.8653;20.5747
22.8013;20.392
22.7027;20.1293
22.628;19.9233
22.5187;19.632
22.408;19.3833
22.312;19.1673
22.204;18.9193
22.1027;18.6553
21.976;18.4293
21.884;18.1987
21.7493;18.006
21.648;17.796
21.516;17.606
21.4333;17.44
21.3093;17.2827
21.2067;17.138
21.08;16.9967
20.9947;16.8667
20.8787;16.738
20.8013;16.5987
20.6973;16.4573
20.5987;16.3527
20.5047;16.2567
20.3833;16.2
20.2833;16.1253
20.196;16.08
20.0667;16.0347
19.9867;15.9693
19.908;15.8913
19.8133;15.8807
19.7147;15.8887
19.6293;15.8807
19.56;15.8467
19.4613;15.804
19.3813;15.7513
19.332;15.69
19.2767;15.6207
19.18;15.5667
19.12;15.5267
19.0153;15.502
18.942;15.5
18.8773;15.464
18.7753;15.4067
18.7467;15.38
18.684;15.3433
18.6;15.2993
18.5433;15.2927
18.492;15.316
18.4167;15.2773
18.328;15.2467
18.31;15.2067
18.2433;15.2033
18.216;15.2367
18.1647;15.2893
18.14;15.3387
18.11;15.4173
18.1067;15.5433
18.0867;15.714
18.12;15.9
18.1567;16.086
18.2033;16.3187
18.2907;16.568
18.448;16.9387
18.614;17.43
18.73;17.8527
18.8727;18.2553
19.0807;18.7607
19.3387;19.4587
19.6147;20.3167
19.8913;21.136
20.2293;21.8747
20.626;23.1187
20.908;23.8533
21.0733;23.744
21.3707;24.3787
21.7173;26.484
22.0427;26.496
22.3547;26.8227
22.644;26.9853
22.88;27.1253
23.164;27.36
23.408;27.6613
23.584;27.9667
23.8;27.9747
23.984;28.004
24.124;28.5093
24.2653;29.608
24.3707;29.908
24.4707;29.3587
24.536;29.1013
24.6053;28.3667
24.6507;27.5173
24.688;26.86
24.724;26.4493
24.732;26.1213
24.7347;25.8013
24.7347;25.4213
24.7147;25.1333
24.684;24.816
24.64;24.5013
24.584;24.1813
24.5093;23.8707
24.4453;23.6093
24.388;23.284
24.2933;23.068
24.236;22.8933
24.1627;22.74
24.1067;22.592
24.024;22.4693
23.9787;22.3533
23.904;22.2147
23.816;22.0213
23.7293;21.7587
23.664;21.504
23.5653;21.2413
23.5053;21.0173
23.408;20.7547
23.32;20.5933
23.244;20.4707
23.1187;20.3467
23.056;20.2253
22.9427;20.0793
19.8;16.07
19.76;16.04
19.658;16.016
19.5833;15.9427
19.5;15.8627
19.43;15.6847
19.3713;15.5567
19.27;15.506
19.204;15.52
19.1133;15.7093
19.0393;15.9513
18.9773;16.1233
18.942;16.312
18.9053;16.468
18.8447;16.55
18.816;16.5767
18.7767;16.5967
18.7533;16.628
18.7127;16.7
18.672;16.7573
18.652;16.784
18.63;16.87
18.6133;16.918
18.5867;17.0033
18.58;17.054
18.5867;17.126
18.6;17.1873
18.64;17.2507
18.652;17.4233
18.7233;17.76
18.788;18.216
18.9287;18.6733
19.054;19.0293
19.256;19.4533
19.4693;20.0453
19.678;20.4813
19.9013;20.9947
20.1553;21.64
20.408;22.16
20.6547;22.436
20.9013;22.768
21.1653;22.9973
21.4453;23.2707
21.7413;23.676
22.0187;24.052
22.2747;24.3147
22.4387;24.1587
22.572;23.9373
22.672;23.7373
22.7547;23.5813
22.8693;23.56
23.0267;23.68
23.212;24.0653
23.4013;24.496
23.5573;24.728
23.7333;25.0973
23.884;25.3453
24.0253;25.6453
24.16;25.916
24.272;25.904
24.392;25.9653
24.4693;26.1787
24.54;26.2267
24.5933;26.0093
24.6307;25.7013
24.684;25.456
24.6867;25.2067
24.6907;24.94
24.692;24.6787
24.664;24.4173
24.6187;24.144
24.584;23.9213
24.5107;23.6707
24.436;23.3613
24.364;23.0693
24.28;22.8013
24.192;22.5213
24.112;22.248
24.0093;21.976
23.912;21.7427
23.8267;21.532
23.728;21.3253
23.624;21.1467
23.536;20.684
23.4387;20.5
23.3573;20.484
23.2573;20.378
23.152;20.1687
23.064;19.7027
22.948;19.7033
22.8587;19.6227
22.7613;19.5147
22.6773;19.3587
22.5667;19.2247
22.4613;19.0727
22.3867;18.9707
22.2853;18.8867
22.1773;18.804
22.0933;18.73
22.0013;18.622
21.896;18.5233
21.8053;18.4327
21.7147;18.3307
21.62;18.1927
21.552;18.108
21.4493;18.0667
21.3493;17.9873
21.2707;17.8967
21.1907;17.81
21.112;17.7033
21.0373;17.5947
20.968;17.53
20.88;17.506
20.812;17.4613
20.72;17.3667
20.652;17.31
20.5747;17.246
20.4933;17.1847
20.42;17.1053
20.348;17.0267
20.2867;16.9867
20.2467;17.0253
20.208;17.176
20.192;17.3053
20.1367;17.326
20.1267;17.3713
20.1847;17.7387
20.2533;18.1693
20.3013;18.5067
20.4307;19.0413
20.596;19.6347
20.7813;20.1727
20.9973;20.708
21.092;20.7107
21.1453;20.44
21.3493;20.972
21.6147;21.8613
21.8707;22.2893
22.1667;22.6587
22.408;22.9973
22.7093;23.416
23.0107;23.8453
23.2787;24.4627
23.488;25.5747
23.7173;29.3933
23.9827;28.1293
24.2013;26.6373
24.3787;26.7107
24.592;26.7013
24.752;27.1947
24.9013;27.4333
25.0067;26.7187
25.1347;26.52
25.24;26.8267
25.4787;26.9427
25.7;26.9293
25.7307;26.4947
25.668;26.1333
25.644;26.0493
25.624;25.7493
25.6;25.3187
25.572;24.9733
25.516;24.66
25.4707;24.34
25.404;24.0973
25.3413;23.8893
25.284;23.7173
25.216;23.5893
25.1533;23.4587
25.1027;23.2933
25.02;23.1
24.9533;22.9133
24.856;22.728
24.7827;22.5293
24.68;22.296
24.6053;22.1013
24.5067;21.9227
24.4;21.7533
24.3;21.5107
24.1907;21.2773
24.0787;21.0773
23.988;20.8093
23.8667;20.588
23.7547;20.376
23.644;20.15
23.5253;19.9653
23.42;19.7387
23.2813;19.4593
23.1587;19.2113
23.0373;18.994
22.8893;18.8733
22.7853;18.772
22.6693;18.71
22.552;18.6533
22.444;18.5693
22.3533;18.4767
22.2733;18.3647
22.1627;18.256
22.06;18.1413
21.9547;18.03
21.8373;17.916
21.7387;17.7993
21.636;17.6653
21.524;17.528
21.412;17.38
21.308;17.202
21.1987;17.0587
21.0907;16.9193
20.9907;16.7807
20.88;16.6867
20.772;16.5607
20.6667;16.4467
20.5587;16.36
20.4513;16.2553
20.3333;16.142
20.2393;16.03
20.142;16.0173
20.0833;16.06
20.0087;16.1673
19.9893;16.332
19.9707;16.5647
19.9867;16.8587
20.0067;17.194
20.0787;17.618
20.1707;18.128
20.3167;18.6453
20.5;19.1653
20.6653;19.6687
20.8787;20.4013
21.1067;21.1467
21.3747;21.6707
21.6627;22.1693
21.9693;22.7333
22.2747;23.24
22.564;23.6147
22.8173;23.8227
23.1293;24.22
23.4253;24.74
23.7053;25.2427
24.0107;25.6173
24.3013;26.104
24.5747;26.6947
24.812;26.688
25.0747;26.88
25.3053;27.2973
25.5333;27.6667
25.724;28.3333
25.8827;29.0653
26.0227;28.776
26.1547;28.2827
26.248;28.1893
26.3053;28.3173
26.388;28.156
26.428;27.8333
26.4533;27.548
26.4733;27.2747
26.496;26.9933
26.504;26.7133
26.488;26.3387
26.4587;25.92
26.424;25.6307
26.38;25.4027
26.3107;25.1907
26.244;24.936
26.1667;24.7187
26.116;24.54
26.0293;24.3507
25.9493;24.1373
25.8653;23.9187
25.7827;23.7387
25.7093;23.552
25.6187;23.372
25.524;23.176
25.4427;23.02
25.3493;22.88
25.2667;22.7467
25.164;22.604
25.092;22.4293
24.988;22.276
24.912;22.144
24.8147;22.0147
24.728;21.8787
24.64;21.7667
24.556;21.6573
24.4613;21.568
24.392;21.4453
24.2987;21.3347
24.212;21.248
24.1213;21.1747
24.0347;21.1
23.956;21.012
23.8733;20.928
23.7947;20.832
23.724;20.7107
23.628;20.6173
23.552;20.5187
23.4933;20.3947
23.396;20.2647
23.3027;20.1447
23.228;20.02
23.1307;19.9167
23.052;19.82
22.948;19.7193
22.8507;19.6467
22.756;19.5413
22.6667;19.456
22.568;19.368
22.46;19.264
22.3907;19.134
22.3213;18.9727
22.228;18.8667
22.1533;18.8067
22.1213;18.8
22.064;18.8113
22.04;18.9047
22.028;19.04
22.032;19.2467
22.076;19.5127
22.1227;19.8053
22.1787;20.1833
22.2573;20.6173
22.4053;21.0867
22.564;21.544
22.7427;22.0027
22.9387;22.524
23.176;23.0507
23.4267;23.4653
23.6813;23.8227
23.9627;24.168
24.248;24.504
24.5307;24.8907
24.8027;25.3653
25.136;25.796
25.4573;26.1187
25.7253;26.5013
25.9893;26.9413
26.2653;27.3387
26.5293;27.8587
26.748;28.016
26.9707;28.352
27.1827;28.6973
27.3547;28.9187
27.5373;29.1827
27.6707;29.312
27.784;29.264
27.904;29.4013
28.016;29.592
28.124;29.76
28.2133;29.8707
28.3;29.848
28.376;29.7707
28.4453;29.472
28.4773;29.168
28.528;28.9787
28.548;28.8253
28.544;28.5787
28.532;28.356
28.5093;28.1107
28.4667;27.8507
28.424;27.5947
28.38;27.4053
28.3173;27.2093
28.236;27.0027
28.1507;26.7787
28.072;26.5613
27.9787;26.3427
27.904;26.1133
27.8133;25.8973
27.7453;25.7053
27.6387;25.5053
27.556;25.264
27.4613;25.0813
27.3613;24.8907
27.2613;24.688
27.1813;24.5227
27.0867;24.384
26.9853;24.2293
26.912;24.0707
26.8187;23.912
26.72;23.7587
26.6187;23.576
26.5213;23.428
26.4187;23.232
26.3147;23.0347
26.2013;22.8653
26.1027;22.66
25.9907;22.416
25.888;22.216
25.7853;22.0493
25.692;21.896
25.576;21.7267
25.4587;21.508
25.324;21.34
25.22;21.1933
25.116;21.048
24.9853;20.8987
24.8773;20.7547
24.7587;20.5987
24.6453;20.5027
24.5413;20.2993
24.3973;19.9753
24.268;19.7587
24.124;19.622
23.968;19.5233
23.828;19.456
23.6933;19.4033
23.5773;19.2907
23.468;19.2067
23.384;19.1667
23.2853;19.12
23.1787;19.092
23.116;19.04
23.06;18.9967
23.032;19.112
23.052;19.3607
23.1;19.6387
23.1573;19.9607
23.228;20.2827
23.336;20.6253
23.4653;20.9173
23.5827;21.172
23.76;21.492
23.928;21.6613
24.0813;21.8067
24.2547;21.972
24.4267;22.2147
24.6053;22.4347
24.7773;22.5973
24.968;22.7667
25.116;22.8307
25.2867;22.9453
25.4547;23.1467
25.6187;23.312
25.7733;23.4867
25.8493;23.4827
25.9813;23.544
26.012;23.54
26.0293;23.4
26.096;23.4787
26.1133;23.4987
26.144;23.7453
26.1787;23.9347
26.212;23.9827
26.236;24.004
26.224;23.964
26.204;23.792
26.1533;23.5147
26.1347;23.212
26.104;22.8307
26.024;22.4987
25.96;22.1867
25.8627;21.892
25.7893;21.6453
25.7147;21.428
25.616;21.1893
25.5067;20.98
25.392;20.788
25.2773;20.62
25.1493;20.468
25.0187;20.2473
24.8827;20.0847
24.7573;19.9093
24.6493;19.752
24.5027;19.596
24.4187;19.4593
24.2827;19.3567
24.1693;19.3027
24.056;19.2133
23.944;19.1667
23.8213;19.082
23.7387;18.988
23.6333;18.924
23.536;18.8933
23.4547;18.8467
23.3453;18.752
23.2467;18.6433
23.1507;18.538
23.0293;18.4287
22.9227;18.3393
22.8147;18.228
22.712;18.104
22.5867;17.9627
22.4573;17.832
22.376;17.7167
22.2427;17.5853
22.1173;17.446
21.9987;17.3027
21.8653;17.152
21.756;16.834
21.636;16.558
21.4947;16.3867
21.348;16.2473
21.22;16.13
21.108;15.996
20.9947;15.8673
20.88;15.7453
20.7693;15.596
20.6667;15.494
20.5273;15.38
20.4133;15.2787
20.2767;15.1513
20.1447;15.0767
20.0373;14.98
19.9513;14.9033
19.8713;14.9133
19.79;14.9687
19.726;15.092
19.684;15.2587
19.646;15.4673
19.6487;15.742
19.684;16.042
19.7233;16.4367
19.8173;16.9633
19.9387;17.4787
20.0993;17.9787
20.2633;18.536
20.4553;19.126
20.6653;19.6513
20.912;20.17
21.18;20.668
21.448;21.1413
21.7587;21.6653
22.0827;22.2573
22.404;22.8053
22.7333;23.3827
23.068;23.9213
23.3893;24.3973
23.6987;24.912
24.0213;25.4627
24.3253;26.0373
24.616;26.4947
24.88;26.872
25.1413;27.2013
25.3947;27.6107
25.596;27.9347
25.792;28.232
25.9773;28.4173
26.1347;28.512
26.276;28.56
26.4107;28.7013
26.5173;28.8693
26.628;28.944
26.732;28.8733
26.8;28.72
26.8733;28.5307
26.9427;28.3467
26.9747;28.1027
26.9947;27.8893
27.0013;27.6827
27.008;27.44
26.992;27.224
26.9787;27.0333
26.9547;26.8507
26.888;26.64
26.856;26.4427
26.796;26.2413
26.728;26.0227
26.68;25.804
26.5907;25.5733
26.5013;25.3147
26.4453;25.088
26.368;24.904
26.2987;24.7293
26.2173;24.536
26.132;24.332
26.048;24.1187
25.952;23.9293
25.8653;23.7653
25.78;23.572
25.6907;23.3733
25.612;23.1867
25.54;23.036
25.468;22.908
25.376;22.8053
25.2907;22.6867
25.22;22.5427
25.1387;22.3507
25.044;22.1493
24.9373;21.9387
24.8333;21.748
24.7347;21.5573
24.644;21.372
24.536;21.1827
24.444;20.9947
24.3187;20.8133
24.228;20.6773
24.1333;20.5347
24.032;20.4733
23.96;20.364
23.848;20.2393
23.7613;20.1153
23.676;19.99
23.5613;19.8733
23.4747;19.742
23.3587;19.5673
23.2387;19.4053
23.124;19.268
23.008;19.0453
22.9;18.858
22.792;18.68
22.6973;18.586
22.62;18.57
22.552;18.636
22.512;18.72
22.464;18.8487
22.476;19.0407
22.476;19.264
22.484;19.4973
22.5453;19.8573
22.624;20.268
22.7547;20.6493
22.836;20.864
22.9773;21.1893
23.1493;21.6467
23.332;21.9387
23.5373;22.464
23.768;22.856
24.0213;23.2093
24.2907;23.5533
24.5547;23.8707
24.8093;24.104
25.0773;24.2747
25.3027;24.548
25.5507;24.808
25.7613;24.9747
25.9147;25.036
26.0747;24.9
26.1973;24.888
26.2973;25.004
26.376;25.056
26.4573;25.2027
26.492;25.2613
26.52;25.152
26.532;24.8987
26.5;24.6253
26.4667;24.4173
26.4227;24.1707
26.356;23.924
26.2773;23.4747
26.1933;23.104
26.108;22.7467
25.992;22.3653
25.888;22.104
25.7707;21.872
25.672;21.652
25.56;21.5
25.4267;21.3253
25.3187;21.164
25.2053;21.0133
25.116;20.8533
24.9893;20.7107
24.8453;20.5373
24.7227;20.3473
24.5907;20.1467
24.4467;19.926
24.3187;19.7173
24.152;19.5393
24.0107;19.3813
23.8853;19.2107
23.752;19.0473
23.6107;18.884
23.4893;18.7313
23.3507;18.5853
23.232;18.4193
23.1133;18.2393
22.9787;18.0307
22.852;17.898
22.7387;17.7587
22.608;17.658
22.48;17.5633
22.3773;17.4913
22.2533;17.34
22.124;17.226
21.9787;17.122
21.8413;16.934
21.7187;16.7173
21.5907;16.5347
21.464;16.366
21.336;16.258
21.2107;16.0987
21.0867;15.9693
20.9773;15.912
20.8627;15.8747
20.7573;15.8227
20.652;15.7447
20.5387;15.6473
20.426;15.57
20.3127;15.4987
20.178;15.4033
20.0693;15.3433
19.954;15.268
19.8487;15.1813
19.7393;15.0633
19.6393;14.9813
19.5333;14.8733
19.4333;14.8633
19.372;14.86
19.314;14.91
19.28;15.034
19.25;15.1693
19.236;15.348
19.24;15.598
19.27;15.9107
19.34;16.276
19.3947;16.768
19.526;17.2933
19.7107;17.8993
19.842;18.506
20.1933;19.1647
20.546;19.8433
20.8573;20.562
21.0933;21.2507
21.3453;21.9227
21.672;22.58
22.0133;23.1907
22.356;23.6893
22.656;23.9667
22.9587;24.184
23.2587;24.4667
23.5293;24.7947
23.788;25.1467
24.0347;25.516
24.268;25.8053
24.48;26.04
24.6613;26.3107
24.832;26.624
25.0067;26.9
25.156;27.1467
25.3227;27.308
25.4493;27.4653
25.584;27.5453
25.692;27.536
25.772;27.3173
25.8573;26.9533
25.916;26.616
25.972;26.2933
25.984;25.9827
25.9867;25.6147
25.992;25.312
25.9653;25.0667
25.936;24.8533
25.9;24.632
25.8427;24.4053
25.808;24.1907
25.7293;23.992
25.68;23.7733
25.604;23.532
25.5093;23.3
25.428;23.064
25.3253;22.8453
25.22;22.6253
25.1053;22.364
24.9987;22.076
24.9;21.8467
24.8013;21.6387
24.7107;21.4453
24.604;21.2627
24.488;21.0733
24.396;20.896
24.2853;20.704
24.1613;20.4773
24.048;20.2933
23.956;20.0973
23.828;19.9087
23.7107;19.766
23.596;19.5953
23.4827;19.37
23.372;19.1613
23.2587;19.0167
23.1493;18.912
23.0533;18.818
22.9307;18.7413
22.828;18.6767
22.7307;18.612
22.64;18.5373
22.5373;18.47
22.4307;18.406
22.3387;18.3227
22.224;18.1867
22.132;18.0733
22.044;17.938
21.952;17.8333
21.8427;17.7387
21.7533;17.5713
21.652;17.4213
21.5613;17.3433
21.4533;17.2193
21.3613;17.1
21.252;17.0433
21.1613;16.9713
21.068;16.9067
20.984;16.8247
20.916;16.788
20.8427;16.88
20.7907;16.986
20.756;17.142
20.732;17.3387
20.732;17.6527
20.732;18.0713
20.78;18.5147
20.8667;19.0187
20.984;19.608
21.1533;20.2533
21.32;20.9027
21.5587;21.5093
21.836;22.2
22.1333;22.8587
22.428;23.4467
22.7413;24.0667
23.1053;24.6773
23.4533;25.2907
23.8213;25.9507
24.1947;26.5387
24.556;27.0333
24.9133;27.592
25.2667;28.12
25.6133;28.4213
25.8867;28.384
26.1227;28.288
26.3307;28.2947
26.504;28.32
26.6667;28.3133
26.7787;28.3813
26.8893;28.4093
27.004;28.324
27.076;28.292
27.176;28.2427
27.216;28.116
27.216;27.9013
27.224;27.6547
27.26;27.3187
27.252;26.9667
27.224;26.6093
27.196;26.1627
27.1467;25.7253
27.072;25.372
26.9973;25.052
26.924;24.752
26.8427;24.4533
26.7627;24.1867
26.6813;23.948
26.5813;23.72
26.48;23.512
26.384;23.2787
26.268;23.06
26.1533;22.824
26.0413;22.5893
25.92;22.3653
25.804;22.1173
25.692;21.9027
25.5973;21.7187
25.484;21.556
25.376;21.4187
25.2707;21.2627
25.152;21.124
25.0307;20.9507
24.92;20.7587
24.8;20.6253
24.688;20.4813
24.584;20.3807
24.4747;20.286
24.348;20.2233
24.2613;20.1733
24.1413;20.084
24.044;20
23.9373;19.9047
23.8427;19.8
23.7587;19.7267
23.66;19.68
23.572;19.5933
23.4853;19.53
23.404;19.4787
23.3107;19.4413
23.244;19.37
23.1547;19.32
23.092;19.288
22.9933;19.23
22.924;19.18
22.8587;19.112
22.7667;19.0773
22.704;18.9993
22.6213;18.89
22.552;18.8333
22.472;18.7733
22.4013;18.67
22.328;18.5813
22.2653;18.5133
22.184;18.5
22.1267;18.5
22.072;18.4967
22.0133;18.5333
21.9787;18.602
21.94;18.6967
21.916;18.8067
21.892;18.8833
21.88;19.0053
21.8613;19.1587
21.868;19.2993
21.884;19.4553
21.94;19.5993
21.9747;19.7807
22.06;19.976
22.14;20.176
22.2053;20.364
22.2893;20.564
22.388;20.78
22.4533;21.076
22.6;21.388
22.7453;21.7253
22.8827;21.9347
23.008;22.108
23.1413;22.3093
23.2693;22.4733
23.4227;22.6667
23.5627;22.848
23.712;23.036
23.8293;23.052
23.92;23.072
24.0107;23.104
24.084;23.076
24.1787;23.064
24.244;23.048
24.3093;23.096
24.364;23.164
24.42;23.208
24.5;23.2707
24.548;23.3293
24.6067;23.3187
24.64;23.264
24.6667;23.1893
24.68;23.1
24.692;22.9973
24.66;22.8733
24.652;22.7347
24.624;22.568
24.5867;22.4253
24.54;22.2453
24.476;22.084
24.404;21.8933
24.3307;21.6947
24.248;21.5253
24.1733;21.34
24.08;21.148
23.988;20.9213
23.904;20.744
23.804;20.52
23.7147;20.3387
23.6173;20.1933
23.5173;20.044
23.428;19.898
23.3293;19.7453
23.228;19.606
23.144;19.48
23.0293;19.3573
22.9453;19.232
22.8507;19.112
22.7573;18.972
22.6787;18.792
22.5813;18.65
22.464;18.5407
22.388;18.416
22.316;18.2673
22.1933;18.1853
22.1107;18.1593
22.0053;18.124
21.916;18.0267
21.8147;17.8407
21.7307;17.654
21.636;17.57
21.548;17.5467
21.476;17.53
21.4013;17.5667
21.316;17.6007
21.252;17.6473
21.1893;17.7233
21.1267;17.7467
21.064;17.7333
21.0067;17.7067
20.9547;17.648
20.8813;17.6127
20.8213;17.58
20.7667;17.5093
20.7107;17.4173
20.66;17.3933
20.5973;17.3767
20.572;17.3967
20.532;17.472
20.512;17.57
20.516;17.6953
20.532;17.8707
20.5533;18.0913
20.5813;18.2807
20.628;18.454
20.696;18.642
20.78;18.8487
20.8973;19.2353
21.0453;19.7353
21.248;20.2707
21.4853;20.7533
21.732;21.2467
21.9947;21.7
22.156;21.912
22.3333;21.9093
22.592;22.2573
22.828;22.6627
23.068;23.0093
23.336;23.3627
23.5693;23.7
23.7933;24.0533
23.9613;24.156
24.1347;24.1453
24.2947;24.1987
24.464;24.352
24.6387;24.5747
24.768;24.712
24.888;24.704
24.9987;24.632
25.036;24.332
24.9813;23.8027
24.94;22.9893
24.8413;22.4107
24.764;22.0467
24.6827;21.708
24.588;21.4547
24.5;21.092
24.404;20.796
24.316;20.474
24.224;20.084
24.1093;19.6093
23.972;19.298
23.8853;19.1153
23.7693;19.082
23.6667;18.9487
23.544;18.7493
23.4307;18.5327
23.3147;18.35
23.1747;18.25
23.04;18.1293
22.9053;17.9833
22.7813;17.8313
22.656;17.686
22.5187;17.556
22.4067;17.3633
22.2693;17.1207
22.1387;16.938
22.0027;16.7927
21.8747;16.674
21.7227;16.4647
21.5733;16.3167
21.44;16.1453
21.292;16.0113
21.1653;15.8433
21.04;15.72
20.94;15.6473
20.8173;15.516
20.696;15.4213
20.5653;15.3233
20.444;15.1733
20.3013;15.1013
20.1727;15.0567
20.0567;15.0147
19.958;14.9627
19.8373;14.8427
19.7293;14.796
19.6213;14.7893
19.5013;14.7533
19.4133;14.69
19.3273;14.644
19.22;14.594
19.1267;14.5867
19.02;14.56
18.9207;14.5047
18.8153;14.4447
18.7467;14.41
18.6527;14.3413
18.5687;14.2227
18.4467;14.066
18.3673;13.888
18.2833;13.7773
18.2113;13.742
18.1367;13.76
18.1;13.8633
18.0433;14.0627
18.02;14.2913
17.9733;14.5493
18;14.852
17.97;15.1807
18.0553;15.5567
18.0927;15.8613
18.1953;16.2267
18.3093;16.6533
18.4693;17.056
18.6433;17.526
18.844;18.0613
19.04;18.4047
19.2627;18.8
19.522;19.332
19.748;19.802
19.97;20.1587
20.1467;20.34
20.3133;20.4667
20.566;20.8933
20.8653;21.6013
21.1307;22.2413
21.312;22.5027
21.5587;22.736
21.8253;23.248
22.008;23.5867
22.18;23.676
22.32;23.672
22.4507;23.388
22.6107;23.496
22.7347;23.564
22.8173;23.54
22.904;23.332
22.964;23.2267
22.9987;22.9093
23.04;22.8827
23.04;22.5933
23.036;22.024
23.0093;21.492
22.9587;20.9667
22.8853;20.5987
22.8093;20.2493
22.7387;20.0347
22.656;19.902
22.5693;19.8627
22.484;19.4487
22.392;19.0367
22.3213;18.5773
22.2053;18.32
22.064;18.2153
21.8987;18.044
21.776;17.8533
21.636;17.6573
21.5147;17.486
21.4053;17.3567
21.2787;17.1947
21.1827;17.0547
21.084;16.9307
20.9707;16.8033
20.864;16.6673
20.7587;16.5047
20.656;16.3433
20.534;16.2067
20.4367;16.0613
20.3193;15.928
20.206;15.7247
20.1007;15.3793
19.9753;15.0773
19.8773;14.858
19.7667;14.7033
19.6547;14.5633
19.538;14.472
19.43;14.3767
19.3513;14.238
19.2387;14.08
19.1167;13.96
19.006;13.7847
18.8733;13.6093
18.7827;13.436
18.6533;13.2633
18.5373;13.106
18.4027;12.9567
18.294;12.8533
18.1847;12.7147
18.0573;12.6133
17.9347;12.5533
17.8347;12.476
17.718;12.374
17.6033;12.2967
17.474;12.2053
17.3553;12.0827
17.26;12.004
17.1593;11.9333
17.0793;11.9787
16.9933;12.0967
16.9233;12.2507
16.884;12.4527
16.844;12.6947
16.82;12.9673
16.7973;13.3227
16.83;13.7
16.872;14.1053
16.958;14.566
17.1;15.066
17.2227;15.6033
17.4093;16.154
17.5487;16.778
17.8053;17.2513
18.0327;17.7773
18.32;18.3647
18.604;18.9373
18.8933;19.412
19.1747;19.8127
19.3853;20.0413
19.6507;20.3647
19.9373;20.8213
20.22;21.404
20.5233;21.8893
20.8067;22.5093
21.008;22.796
21.252;23.1013
21.42;23.2107
21.6187;23.5573
21.7653;23.6067
21.9427;23.8787
22.064;24.0293
22.2013;23.9613
22.3213;24.0253
22.428;24.2347
22.5427;24.4653
22.66;24.54
22.7227;24.3373
22.776;24.0427
22.8213;23.876
22.86;23.724
22.896;23.648
22.928;23.4787
22.956;23.2467
22.952;23.0453
22.952;22.88
22.92;22.7213
22.892;22.5533
22.8427;22.3973
22.804;22.208
22.7533;22.0067
22.7013;21.824
22.62;21.6733
22.5573;21.4667
22.484;21.1893
22.4253;20.924
22.352;20.6493
22.2893;20.396
22.1813;20.0807
22.1053;19.7807
21.9907;19.5167
21.896;19.312
21.8107;19.0007
21.7093;18.7433
21.6133;18.4927
21.5107;18.282
21.4053;18.0733
21.2853;17.916
21.1933;17.7573
21.096;17.548
20.9973;17.3587
20.8933;17.1233
20.7787;16.94
20.6667;16.7467
20.5333;16.528
20.4233;16.2587
20.2873;16.0847
20.17;15.9527
20.062;15.8093
19.9413;15.6967
19.814;15.5813
19.6967;15.4293
19.5767;15.254
19.4533;15.0273
19.3633;14.7847
19.2553;14.5227
19.124;14.3327
18.9867;14.1733
18.882;14.0027
18.7753;13.94
18.6633;13.812
18.5513;13.6267
18.4333;13.534
18.3227;13.4433
18.2113;13.3773
18.1167;13.358
18.048;13.3813
17.96;13.4673
17.912;13.6553
17.888;13.9173
17.8373;14.1907
17.824;14.568
17.84;14.9913
17.8877;15.4631
17.9987;16.054
18.102;16.66
18.238;17.326
18.412;17.99
18.6093;18.7433
18.8867;19.3573
19.1733;19.8793
19.466;20.4087
19.7907;20.9493
20.0847;21.512
20.4267;21.9467
20.7067;22.412
20.9853;22.8053
21.208;23.2093
21.476;23.7987
21.736;24.1093
21.9667;24.5227
22.1973;24.6427
22.392;24.7827
22.5627;24.8907
22.7027;25.0133
22.8347;25.1307
22.9573;25.2347
23.052;25.6547
23.1373;25.7747
23.2;26.1107
23.272;26.0653
23.3267;25.4573
23.38;25.3773
23.448;24.3587
23.472;23.4787
23.4787;22.82
23.504;22.2413
23.52;21.6253
23.476;21.1933
23.4587;20.8707
23.428;20.6347
23.38;20.466
23.3213;20.25
23.276;20.0073
23.192;19.8227
23.136;19.566
23.044;19.342
22.9693;19.18
22.8747;19.052
22.7827;18.824
22.7027;18.6347
22.5947;18.3687
22.492;18.23
22.4;18.1647
22.3107;17.9653
22.2093;17.8667
22.112;17.724
22.0107;17.5813
21.888;17.412
21.792;17.2107
21.684;17.054
21.572;16.8673
21.464;16.7207
21.3387;16.64
21.2293;16.57
21.1307;16.5267
21.0213;16.4313
20.9253;16.3627
